0.0,21.0,0.0,3.0,1.0,4.0,11.0,0.0,8.0,32.0,5.0,6.0,38.0,2.0,10.0,30.0,0.0,62.0,0.0,50.0,0.0,4.0,1.0,3.0,5.0,61.0,23.0,195.0,17.0,39.0,9.0,123.0,0.0,2.0,1.0,0.0,0.0,0.0,3.0,0.0,1.0,17.0,69.0,53.0,14.0,10.0,10.0,0.0,0.0,11.0,4.0,53.0,435.0,0.0,51.0,4.0,1.0,3.0,0.0,12.0,0.0,116.0,2.0,2.0,6.0,48.0,0.0,0.0,7.0,16.0,4.0,41.0,84.0,3.0,9.0,7.0,3.0,9.0,27.0,7.0,88.0,1.0,4.0,61.0,4.0,3.0,94.0,2.0,52.0,37.0,28.0,2.0,9.0,14.0,5.0,2.0,3.0,1.0,0.0,69.0,1.0,0.0,11.0,0.0,7.0,2.0,0.0,24.0,11.0,0.0,0.0,41.0
35.0,0.0,4.0,14.0,4.0,391.0,24.0,2.0,6.0,54.0,7.0,14.0,61.0,11.0,14.0,7.0,0.0,67.0,5.0,89.0,0.0,7.0,1.0,5.0,10.0,12.0,19.0,86.0,26.0,60.0,6.0,44.0,9.0,1.0,6.0,3.0,0.0,0.0,14.0,6.0,1.0,12.0,20.0,85.0,4.0,11.0,28.0,0.0,57.0,45.0,11.0,54.0,98.0,1.0,25.0,13.0,0.0,10.0,16.0,20.0,3.0,57.0,5.0,60.0,10.0,28.0,24.0,0.0,13.0,54.0,33.0,25.0,66.0,1.0,9.0,29.0,0.0,14.0,20.0,29.0,0.0,6.0,9.0,43.0,39.0,0.0,61.0,21.0,31.0,10.0,25.0,6.0,28.0,14.0,118.0,0.0,2.0,3.0,1.0,90.0,6.0,0.0,38.0,6.0,16.0,23.0,34.0,44.0,34.0,12.0,0.0,37.0
6.0,1.0,0.0,0.0,0.0,2.0,0.0,0.0,0.0,4.0,4.0,1.0,1.0,1.0,1.0,1.0,0.0,61.0,1.0,4.0,0.0,2.0,0.0,1.0,1.0,2.0,1.0,5.0,1.0,5.0,0.0,3.0,0.0,0.0,1.0,1.0,0.0,3.0,0.0,0.0,1.0,1.0,1.0,7.0,0.0,0.0,3.0,0.0,0.0,1.0,1.0,3.0,10.0,0.0,5.0,0.0,0.0,1.0,2.0,3.0,1.0,6.0,0.0,3.0,0.0,1.0,0.0,0.0,1.0,2.0,1.0,8.0,4.0,0.0,2.0,2.0,0.0,1.0,1.0,0.0,0.0,1.0,0.0,5.0,28.0,0.0,6.0,0.0,2.0,0.0,5.0,0.0,1.0,4.0,0.0,0.0,0.0,0.0,0.0,3.0,1.0,0.0,4.0,1.0,1.0,1.0,0.0,6.0,0.0,2.0,0.0,2.0
0.0,3.0,0.0,0.0,0.0,0.0,1.0,0.0,6.0,2.0,1.0,1.0,1.0,0.0,1.0,2.0,0.0,0.0,0.0,1.0,0.0,0.0,1.0,0.0,0.0,1.0,0.0,2.0,0.0,2.0,0.0,3.0,0.0,0.0,4.0,0.0,0.0,0.0,10.0,0.0,0.0,0.0,2.0,1.0,1.0,0.0,1.0,3.0,0.0,2.0,1.0,1.0,3.0,0.0,0.0,1.0,0.0,4.0,0.0,0.0,0.0,3.0,2.0,0.0,0.0,1.0,0.0,0.0,1.0,0.0,4.0,3.0,3.0,0.0,0.0,1.0,0.0,0.0,1.0,0.0,0.0,0.0,0.0,1.0,3.0,3.0,1.0,2.0,0.0,0.0,0.0,2.0,1.0,0.0,0.0,0.0,0.0,0.0,0.0,3.0,1.0,1.0,1.0,2.0,0.0,0.0,1.0,0.0,2.0,0.0,0.0,0.0
3.0,4.0,1.0,0.0,0.0,1.0,5.0,0.0,3.0,50.0,1.0,7.0,11.0,1.0,4.0,1.0,0.0,35.0,0.0,16.0,0.0,1.0,4.0,1.0,1.0,0.0,6.0,39.0,13.0,13.0,1.0,8.0,0.0,0.0,1.0,0.0,1.0,0.0,2.0,3.0,3.0,2.0,4.0,5.0,13.0,6.0,8.0,1.0,0.0,5.0,3.0,22.0,8.0,1.0,9.0,0.0,0.0,0.0,0.0,4.0,0.0,19.0,1.0,0.0,1.0,9.0,0.0,0.0,3.0,16.0,1.0,6.0,36.0,1.0,1.0,1.0,0.0,2.0,9.0,3.0,1.0,5.0,1.0,16.0,0.0,0.0,16.0,4.0,0.0,3.0,10.0,1.0,1.0,6.0,1.0,0.0,0.0,1.0,8.0,24.0,0.0,0.0,4.0,1.0,2.0,1.0,0.0,17.0,6.0,2.0,2.0,3.0
11.0,23.0,3.0,0.0,3.0,0.0,12.0,1.0,6.0,10.0,1.0,1.0,10.0,2.0,2.0,0.0,0.0,31.0,1.0,15.0,0.0,2.0,4.0,3.0,1.0,3.0,11.0,16.0,6.0,12.0,1.0,9.0,2.0,1.0,1.0,1.0,1.0,0.0,1.0,1.0,2.0,9.0,10.0,11.0,3.0,3.0,4.0,1.0,3.0,6.0,12.0,18.0,26.0,2.0,17.0,1.0,1.0,2.0,3.0,2.0,1.0,28.0,1.0,5.0,4.0,13.0,178.0,1.0,1.0,10.0,1.0,6.0,24.0,1.0,3.0,182.0,2.0,8.0,2.0,6.0,0.0,3.0,3.0,18.0,2.0,0.0,46.0,1.0,20.0,4.0,7.0,1.0,9.0,6.0,9.0,3.0,29.0,1.0,2.0,13.0,1.0,0.0,3.0,4.0,4.0,3.0,4.0,5.0,6.0,1.0,1.0,17.0
22.0,22.0,1.0,1.0,16.0,13.0,0.0,29.0,10.0,115.0,18.0,4.0,229.0,13.0,32.0,8.0,0.0,217.0,2.0,50.0,0.0,22.0,3.0,5.0,15.0,15.0,35.0,224.0,73.0,273.0,2.0,70.0,4.0,14.0,7.0,2.0,0.0,2.0,19.0,2.0,5.0,6.0,57.0,137.0,30.0,12.0,19.0,2.0,0.0,34.0,155.0,37.0,116.0,3.0,54.0,3.0,6.0,8.0,16.0,49.0,1.0,106.0,17.0,8.0,22.0,25.0,0.0,1.0,10.0,88.0,6.0,46.0,235.0,1.0,29.0,45.0,0.0,71.0,26.0,41.0,9.0,10.0,11.0,86.0,26.0,0.0,161.0,14.0,341.0,8.0,41.0,8.0,119.0,56.0,41.0,1.0,1.0,2.0,1.0,87.0,5.0,0.0,43.0,2.0,9.0,164.0,3.0,49.0,18.0,1.0,0.0,83.0
1.0,3.0,1.0,2.0,0.0,1.0,2.0,0.0,2.0,9.0,1.0,2.0,14.0,2.0,4.0,2.0,1.0,5.0,1.0,5.0,0.0,1.0,1.0,1.0,0.0,2.0,6.0,10.0,8.0,13.0,1.0,11.0,1.0,3.0,3.0,1.0,0.0,0.0,2.0,2.0,6.0,2.0,0.0,2.0,2.0,3.0,1.0,2.0,1.0,4.0,0.0,16.0,9.0,0.0,3.0,2.0,2.0,6.0,0.0,8.0,1.0,1.0,1.0,1.0,0.0,8.0,0.0,0.0,3.0,8.0,6.0,10.0,15.0,0.0,3.0,1.0,1.0,1.0,3.0,20.0,1.0,1.0,1.0,4.0,7.0,1.0,7.0,1.0,4.0,1.0,2.0,1.0,3.0,4.0,1.0,0.0,6.0,1.0,2.0,3.0,1.0,0.0,1.0,1.0,3.0,14.0,2.0,3.0,5.0,2.0,3.0,6.0
5.0,11.0,2.0,7.0,5.0,6.0,39.0,1.0,0.0,40.0,2.0,5.0,69.0,4.0,20.0,1.0,0.0,243.0,0.0,9.0,0.0,10.0,0.0,3.0,7.0,17.0,34.0,82.0,29.0,39.0,4.0,75.0,2.0,1.0,5.0,5.0,0.0,0.0,4.0,0.0,2.0,2.0,16.0,172.0,893.0,11.0,9.0,2.0,0.0,34.0,33.0,69.0,110.0,2.0,19.0,1.0,0.0,9.0,12.0,27.0,0.0,91.0,7.0,2.0,1.0,24.0,0.0,1.0,0.0,84.0,1.0,29.0,344.0,0.0,3.0,11.0,0.0,10.0,5.0,39.0,2.0,13.0,2.0,35.0,18.0,27.0,43.0,1.0,58.0,8.0,19.0,4.0,13.0,21.0,1.0,0.0,0.0,0.0,0.0,541.0,2.0,0.0,23.0,1.0,2.0,1.0,0.0,37.0,4.0,13.0,0.0,176.0
42.0,164.0,5.0,0.0,54.0,8.0,115.0,2.0,77.0,0.0,16.0,42.0,217.0,15.0,43.0,21.0,2.0,249.0,1.0,66.0,0.0,44.0,38.0,4.0,19.0,22.0,74.0,418.0,1637.0,1910.0,6.0,174.0,3.0,8.0,52.0,7.0,1.0,0.0,23.0,3.0,6.0,38.0,30.0,156.0,287.0,30.0,131.0,2.0,3.0,54.0,61.0,335.0,254.0,2.0,132.0,6.0,4.0,13.0,343.0,40.0,3.0,466.0,12.0,48.0,162.0,296.0,1.0,2.0,10.0,933.0,16.0,51.0,302.0,24.0,23.0,16.0,0.0,50.0,34.0,29.0,0.0,35.0,3.0,114.0,105.0,2.0,329.0,10.0,93.0,13.0,32.0,13.0,39.0,200.0,13.0,1.0,3.0,3.0,28.0,8420.0,5.0,0.0,134.0,17.0,33.0,223.0,1.0,132.0,28.0,10.0,5.0,1059.0
0.0,2.0,1.0,1.0,0.0,3.0,3.0,1.0,0.0,11.0,0.0,6.0,14.0,9.0,14.0,6.0,0.0,11.0,1.0,3.0,0.0,10.0,1.0,0.0,6.0,2.0,2.0,15.0,6.0,17.0,2.0,18.0,1.0,0.0,1.0,0.0,0.0,0.0,3.0,0.0,4.0,2.0,4.0,25.0,11.0,2.0,11.0,1.0,1.0,10.0,16.0,7.0,8.0,0.0,3.0,3.0,2.0,4.0,2.0,9.0,0.0,19.0,2.0,0.0,4.0,11.0,0.0,0.0,2.0,8.0,1.0,8.0,13.0,1.0,0.0,3.0,0.0,1.0,7.0,1.0,2.0,0.0,0.0,10.0,7.0,1.0,15.0,6.0,3.0,2.0,9.0,6.0,14.0,6.0,0.0,0.0,0.0,0.0,0.0,9.0,0.0,0.0,0.0,0.0,3.0,6.0,1.0,9.0,6.0,2.0,1.0,10.0
7.0,4.0,0.0,0.0,0.0,2.0,5.0,1.0,10.0,14.0,3.0,0.0,49.0,2.0,5.0,9.0,0.0,40.0,2.0,12.0,0.0,2.0,1.0,0.0,5.0,3.0,12.0,34.0,17.0,25.0,0.0,17.0,6.0,0.0,2.0,5.0,0.0,0.0,3.0,1.0,7.0,16.0,8.0,10.0,2.0,5.0,8.0,0.0,0.0,10.0,6.0,13.0,123.0,0.0,10.0,8.0,12.0,2.0,1.0,8.0,0.0,40.0,9.0,1.0,5.0,20.0,0.0,0.0,3.0,22.0,5.0,19.0,42.0,0.0,4.0,2.0,1.0,3.0,11.0,1.0,0.0,6.0,3.0,22.0,9.0,2.0,14.0,3.0,5.0,9.0,6.0,5.0,7.0,14.0,15.0,0.0,1.0,0.0,2.0,43.0,9.0,0.0,19.0,4.0,11.0,0.0,0.0,4.0,13.0,2.0,0.0,24.0
253.0,158.0,5.0,2.0,19.0,43.0,413.0,8.0,200.0,461.0,11.0,175.0,0.0,90.0,95.0,65.0,0.0,819.0,0.0,273.0,0.0,73.0,15.0,10.0,103.0,146.0,224.0,858.0,486.0,1184.0,28.0,290.0,10.0,18.0,88.0,11.0,0.0,2.0,170.0,2.0,36.0,107.0,100.0,234.0,383.0,288.0,666.0,25.0,8.0,251.0,327.0,560.0,737.0,2.0,189.0,14.0,24.0,97.0,102.0,2365.0,5.0,532.0,65.0,64.0,116.0,239.0,9.0,5.0,42.0,423.0,76.0,178.0,1248.0,11.0,52.0,63.0,4.0,75.0,240.0,136.0,45.0,104.0,87.0,301.0,57.0,50.0,543.0,22.0,126.0,118.0,151.0,12.0,338.0,494.0,69.0,10.0,23.0,1.0,2.0,627.0,20.0,1.0,187.0,21.0,400.0,271.0,14.0,507.0,35.0,26.0,3.0,540.0
5.0,5.0,1.0,0.0,3.0,3.0,6.0,0.0,1.0,12.0,4.0,1.0,32.0,0.0,2.0,3.0,0.0,63.0,1.0,11.0,0.0,1.0,2.0,0.0,3.0,4.0,5.0,40.0,4.0,24.0,0.0,8.0,0.0,14.0,4.0,1.0,0.0,0.0,5.0,0.0,0.0,23.0,31.0,18.0,0.0,16.0,10.0,0.0,0.0,4.0,15.0,58.0,18.0,1.0,16.0,0.0,3.0,6.0,5.0,2.0,4.0,35.0,0.0,7.0,1.0,3.0,0.0,1.0,1.0,9.0,9.0,34.0,201.0,0.0,4.0,2.0,1.0,1.0,1.0,7.0,3.0,6.0,0.0,17.0,13.0,2.0,45.0,1.0,1.0,0.0,5.0,2.0,11.0,0.0,3.0,0.0,1.0,9.0,7.0,12.0,3.0,0.0,2.0,0.0,3.0,6.0,0.0,24.0,17.0,2.0,0.0,10.0
1.0,0.0,1.0,2.0,1.0,2.0,15.0,0.0,1.0,15.0,13.0,1.0,10.0,2.0,0.0,4.0,0.0,33.0,0.0,6.0,0.0,10.0,3.0,6.0,7.0,1.0,28.0,11.0,11.0,13.0,5.0,18.0,6.0,0.0,25.0,6.0,0.0,0.0,3.0,1.0,0.0,2.0,16.0,18.0,10.0,2.0,11.0,2.0,0.0,10.0,15.0,7.0,14.0,0.0,9.0,4.0,0.0,18.0,8.0,12.0,0.0,19.0,5.0,0.0,12.0,5.0,0.0,0.0,1.0,17.0,1.0,8.0,16.0,0.0,3.0,3.0,0.0,12.0,13.0,11.0,0.0,9.0,0.0,14.0,6.0,0.0,28.0,4.0,7.0,0.0,9.0,0.0,6.0,4.0,1.0,0.0,0.0,1.0,0.0,36.0,0.0,0.0,16.0,3.0,3.0,3.0,0.0,6.0,15.0,3.0,0.0,14.0
13.0,13.0,3.0,25.0,1.0,3.0,5.0,3.0,3.0,23.0,8.0,7.0,7.0,8.0,5.0,0.0,0.0,14.0,6.0,17.0,2.0,8.0,10.0,4.0,5.0,4.0,5.0,43.0,43.0,76.0,1.0,42.0,5.0,16.0,6.0,1.0,0.0,0.0,5.0,2.0,2.0,2.0,4.0,18.0,6.0,4.0,24.0,1.0,0.0,30.0,14.0,31.0,43.0,1.0,4.0,4.0,1.0,11.0,22.0,0.0,5.0,29.0,2.0,4.0,2.0,9.0,1.0,0.0,8.0,19.0,8.0,18.0,20.0,1.0,3.0,7.0,0.0,3.0,3.0,6.0,1.0,3.0,4.0,10.0,10.0,0.0,9.0,8.0,6.0,3.0,10.0,4.0,16.0,98.0,6.0,0.0,3.0,2.0,10.0,13.0,0.0,6.0,7.0,3.0,7.0,3.0,3.0,14.0,12.0,6.0,3.0,15.0
0.0,1.0,0.0,0.0,0.0,0.0,0.0,0.0,1.0,0.0,0.0,0.0,0.0,0.0,0.0,0.0,0.0,0.0,0.0,1.0,0.0,0.0,0.0,0.0,0.0,0.0,0.0,10.0,1.0,1.0,0.0,0.0,0.0,0.0,0.0,0.0,0.0,0.0,0.0,0.0,0.0,0.0,1.0,1.0,0.0,1.0,1.0,0.0,0.0,0.0,0.0,1.0,1.0,0.0,0.0,0.0,0.0,0.0,0.0,1.0,0.0,0.0,0.0,0.0,0.0,0.0,0.0,0.0,0.0,0.0,0.0,0.0,5.0,0.0,0.0,0.0,0.0,0.0,1.0,0.0,0.0,0.0,0.0,0.0,0.0,0.0,1.0,0.0,1.0,1.0,0.0,0.0,0.0,0.0,0.0,0.0,0.0,0.0,0.0,0.0,0.0,0.0,0.0,0.0,1.0,0.0,0.0,0.0,1.0,0.0,0.0,0.0
215.0,53.0,158.0,0.0,51.0,80.0,309.0,0.0,484.0,403.0,9.0,64.0,597.0,26.0,34.0,57.0,2.0,0.0,2.0,235.0,0.0,47.0,10.0,52.0,100.0,86.0,381.0,806.0,291.0,583.0,2.0,426.0,151.0,4.0,12.0,38.0,2.0,6944.0,35.0,0.0,12.0,130.0,185.0,636.0,269.0,58.0,158.0,55.0,6.0,106.0,64.0,274.0,719.0,1.0,210.0,81.0,27.0,100.0,889.0,93.0,3.0,586.0,17.0,91.0,13.0,308.0,0.0,2.0,11.0,4262.0,92.0,77.0,1724.0,118.0,201.0,30.0,2.0,334.0,137.0,215.0,9.0,96.0,59.0,398.0,44.0,21.0,1032.0,13.0,535.0,32.0,488.0,50.0,120.0,148.0,79.0,32.0,32.0,2.0,2.0,1988.0,4.0,0.0,257.0,5.0,186.0,11.0,1.0,275.0,49.0,26.0,1.0,300.0
1.0,9.0,7.0,2.0,2.0,0.0,3.0,0.0,1.0,11.0,8.0,0.0,14.0,20.0,2.0,2.0,0.0,15.0,0.0,6.0,0.0,0.0,9.0,0.0,9.0,2.0,2.0,16.0,12.0,23.0,0.0,4.0,0.0,3.0,0.0,10.0,0.0,0.0,0.0,0.0,3.0,4.0,12.0,6.0,6.0,4.0,34.0,1.0,0.0,6.0,1.0,25.0,26.0,0.0,1.0,1.0,0.0,16.0,3.0,1.0,0.0,12.0,0.0,4.0,0.0,4.0,0.0,0.0,5.0,4.0,1.0,15.0,22.0,0.0,6.0,0.0,0.0,4.0,1.0,4.0,0.0,2.0,1.0,10.0,5.0,0.0,10.0,7.0,0.0,1.0,2.0,3.0,3.0,4.0,0.0,0.0,1.0,3.0,1.0,6.0,0.0,3.0,7.0,0.0,2.0,3.0,0.0,8.0,5.0,1.0,0.0,18.0
10.0,54.0,2.0,0.0,11.0,93.0,29.0,1.0,7.0,89.0,9.0,12.0,109.0,14.0,10.0,7.0,2.0,158.0,1.0,0.0,0.0,6.0,5.0,2.0,15.0,26.0,12.0,106.0,20.0,53.0,7.0,73.0,48.0,3.0,2.0,0.0,0.0,1.0,10.0,0.0,2.0,13.0,32.0,52.0,39.0,17.0,7.0,7.0,23.0,106.0,32.0,59.0,131.0,0.0,24.0,5.0,5.0,8.0,9.0,25.0,3.0,85.0,2.0,10.0,5.0,22.0,8.0,1.0,6.0,81.0,3.0,44.0,177.0,0.0,7.0,41.0,0.0,40.0,25.0,12.0,5.0,8.0,22.0,72.0,9.0,1.0,129.0,4.0,21.0,22.0,17.0,4.0,34.0,19.0,92.0,4.0,3.0,0.0,5.0,59.0,20.0,0.0,15.0,3.0,6.0,16.0,18.0,67.0,10.0,13.0,3.0,87.0
0.0,0.0,0.0,0.0,0.0,0.0,0.0,0.0,0.0,0.0,0.0,0.0,0.0,0.0,0.0,0.0,0.0,0.0,0.0,0.0,0.0,0.0,0.0,0.0,0.0,0.0,0.0,0.0,0.0,0.0,0.0,0.0,0.0,0.0,0.0,0.0,0.0,0.0,0.0,0.0,0.0,0.0,0.0,0.0,0.0,0.0,0.0,0.0,0.0,0.0,0.0,0.0,0.0,0.0,0.0,0.0,0.0,0.0,0.0,0.0,0.0,0.0,0.0,0.0,0.0,0.0,0.0,0.0,0.0,0.0,0.0,0.0,0.0,0.0,0.0,0.0,0.0,0.0,0.0,0.0,0.0,0.0,0.0,0.0,0.0,0.0,0.0,0.0,0.0,0.0,0.0,0.0,0.0,0.0,0.0,0.0,0.0,0.0,0.0,0.0,0.0,0.0,0.0,0.0,0.0,0.0,0.0,0.0,0.0,0.0,0.0,0.0
4.0,9.0,3.0,1.0,1.0,4.0,14.0,0.0,9.0,20.0,0.0,7.0,26.0,13.0,11.0,3.0,0.0,55.0,0.0,20.0,0.0,0.0,2.0,1.0,5.0,0.0,6.0,56.0,14.0,23.0,1.0,26.0,1.0,0.0,8.0,5.0,0.0,1.0,6.0,0.0,0.0,2.0,13.0,21.0,38.0,2.0,2.0,4.0,0.0,23.0,2.0,49.0,15.0,0.0,8.0,0.0,2.0,9.0,5.0,26.0,0.0,49.0,2.0,4.0,3.0,17.0,2.0,0.0,2.0,24.0,4.0,14.0,35.0,0.0,1.0,3.0,0.0,60.0,4.0,5.0,2.0,3.0,0.0,12.0,1.0,6.0,17.0,2.0,10.0,1.0,5.0,8.0,14.0,8.0,3.0,0.0,0.0,3.0,0.0,70.0,0.0,0.0,14.0,1.0,9.0,0.0,0.0,17.0,6.0,9.0,2.0,32.0
1.0,0.0,0.0,0.0,0.0,0.0,1.0,0.0,0.0,3.0,0.0,3.0,3.0,6.0,3.0,5.0,0.0,12.0,0.0,1.0,0.0,0.0,0.0,0.0,3.0,0.0,2.0,18.0,2.0,3.0,1.0,7.0,0.0,0.0,0.0,0.0,0.0,0.0,1.0,0.0,2.0,2.0,4.0,7.0,1.0,1.0,0.0,0.0,0.0,5.0,5.0,3.0,15.0,0.0,2.0,0.0,0.0,1.0,3.0,0.0,0.0,5.0,1.0,4.0,2.0,2.0,0.0,0.0,0.0,1.0,12.0,4.0,4.0,0.0,6.0,1.0,0.0,3.0,1.0,1.0,0.0,0.0,0.0,0.0,27.0,0.0,7.0,4.0,6.0,0.0,2.0,1.0,3.0,0.0,1.0,0.0,0.0,0.0,0.0,3.0,2.0,0.0,4.0,0.0,1.0,2.0,0.0,8.0,1.0,0.0,0.0,1.0
1.0,1.0,0.0,2.0,1.0,0.0,2.0,0.0,0.0,4.0,1.0,3.0,2.0,4.0,2.0,0.0,0.0,4.0,0.0,0.0,0.0,2.0,1.0,0.0,1.0,2.0,0.0,2.0,3.0,13.0,1.0,3.0,1.0,0.0,1.0,0.0,0.0,0.0,1.0,2.0,5.0,0.0,0.0,1.0,0.0,3.0,0.0,0.0,0.0,0.0,7.0,4.0,66.0,0.0,10.0,1.0,1.0,0.0,2.0,0.0,0.0,6.0,0.0,0.0,0.0,1.0,0.0,0.0,2.0,9.0,3.0,8.0,1.0,0.0,3.0,0.0,0.0,1.0,0.0,0.0,1.0,0.0,2.0,4.0,0.0,0.0,3.0,2.0,0.0,2.0,0.0,0.0,11.0,5.0,0.0,0.0,0.0,3.0,0.0,2.0,2.0,0.0,5.0,0.0,2.0,0.0,0.0,2.0,3.0,0.0,2.0,0.0
1.0,3.0,0.0,0.0,3.0,2.0,8.0,0.0,0.0,34.0,5.0,1.0,2.0,2.0,6.0,2.0,0.0,162.0,3.0,7.0,0.0,1.0,1.0,1.0,0.0,1.0,13.0,29.0,10.0,10.0,1.0,10.0,2.0,1.0,6.0,0.0,0.0,0.0,12.0,2.0,8.0,4.0,2.0,48.0,2.0,3.0,4.0,0.0,0.0,12.0,16.0,13.0,26.0,0.0,0.0,1.0,2.0,1.0,10.0,3.0,4.0,13.0,3.0,1.0,2.0,7.0,0.0,0.0,4.0,25.0,11.0,19.0,47.0,0.0,2.0,2.0,1.0,4.0,1.0,2.0,0.0,0.0,1.0,5.0,3.0,0.0,10.0,3.0,6.0,3.0,4.0,1.0,1.0,7.0,0.0,0.0,1.0,0.0,0.0,6.0,0.0,0.0,1.0,0.0,13.0,1.0,1.0,22.0,22.0,3.0,1.0,10.0
42.0,4.0,3.0,3.0,6.0,3.0,24.0,0.0,5.0,90.0,7.0,2.0,24.0,7.0,8.0,12.0,0.0,27831.0,0.0,12.0,0.0,8.0,0.0,3.0,10.0,0.0,17.0,120.0,28.0,39.0,16.0,82.0,8.0,1.0,0.0,1.0,0.0,1.0,1.0,1.0,3.0,8.0,47.0,22.0,14.0,4.0,5.0,3.0,0.0,45.0,15.0,28.0,58.0,0.0,30.0,0.0,1.0,5.0,24.0,0.0,0.0,57.0,4.0,12.0,6.0,29.0,0.0,2.0,3.0,15.0,3.0,18.0,70.0,6.0,3.0,2.0,2.0,20.0,11.0,35.0,13.0,3.0,3.0,38.0,9.0,1.0,25.0,0.0,76.0,15.0,211.0,3.0,11.0,20.0,6.0,41.0,1.0,0.0,1.0,57.0,7.0,0.0,9.0,1.0,2.0,11.0,2.0,12.0,13.0,4.0,1.0,21.0
23.0,7.0,2.0,0.0,1.0,8.0,20.0,1.0,12.0,83.0,11.0,3.0,74.0,10.0,4.0,10.0,0.0,201.0,0.0,21.0,0.0,5.0,1.0,5.0,0.0,10.0,0.0,158.0,17.0,59.0,1.0,56.0,1.0,0.0,0.0,2.0,0.0,0.0,5.0,0.0,6.0,19.0,36.0,66.0,18.0,9.0,14.0,8.0,4.0,24.0,4.0,66.0,135.0,0.0,40.0,7.0,0.0,4.0,3.0,16.0,0.0,95.0,0.0,4.0,1.0,213.0,0.0,0.0,31.0,90.0,5.0,25.0,227.0,0.0,8.0,8.0,0.0,32.0,19.0,25.0,1.0,13.0,4.0,94.0,8.0,8.0,797.0,0.0,98.0,15.0,16.0,39.0,19.0,15.0,30.0,0.0,23.0,0.0,1.0,89.0,1.0,0.0,12.0,2.0,3.0,5.0,0.0,53.0,9.0,2.0,2.0,159.0
188.0,48.0,9.0,1.0,110.0,29.0,106.0,0.0,73.0,234.0,6.0,13.0,142.0,12.0,14.0,68.0,0.0,717.0,5.0,92.0,0.0,48.0,10.0,10.0,25.0,145.0,204.0,0.0,277.0,265.0,31.0,621.0,5.0,4.0,18.0,5.0,0.0,0.0,20.0,2.0,8.0,26.0,634.0,274.0,96.0,29.0,42.0,13.0,1.0,87.0,21.0,122.0,752.0,4.0,212.0,10.0,0.0,10.0,15.0,62.0,3.0,411.0,16.0,14.0,204.0,146.0,1.0,3.0,20.0,136.0,13.0,162.0,484.0,15.0,30.0,49.0,81.0,83.0,66.0,69.0,19.0,32.0,19.0,172.0,21.0,15.0,417.0,16.0,205.0,175.0,171.0,16.0,102.0,190.0,41.0,23.0,4.0,4.0,3.0,276.0,12.0,0.0,56.0,3.0,32.0,13.0,0.0,149.0,70.0,6.0,3.0,165.0
11.0,19.0,4.0,1.0,8.0,12.0,14.0,2.0,11.0,83.0,1.0,4.0,36.0,4.0,15.0,14.0,1.0,157.0,0.0,42.0,0.0,13.0,6.0,1.0,11.0,17.0,23.0,275.0,0.0,21.0,5.0,52.0,4.0,2.0,11.0,3.0,0.0,0.0,16.0,1.0,1.0,26.0,27.0,23.0,38.0,14.0,43.0,4.0,0.0,140.0,10.0,65.0,85.0,1.0,41.0,3.0,2.0,12.0,9.0,44.0,5.0,95.0,3.0,6.0,16.0,19.0,0.0,1.0,9.0,26.0,10.0,15.0,201.0,0.0,7.0,11.0,2.0,23.0,14.0,51.0,2.0,4.0,20.0,119.0,10.0,8.0,308.0,5.0,13.0,12.0,14.0,7.0,159.0,24.0,11.0,0.0,2.0,0.0,1.0,135.0,6.0,0.0,22.0,2.0,30.0,16.0,2.0,57.0,23.0,3.0,0.0,71.0
11.0,23.0,4.0,5.0,9.0,13.0,60.0,3.0,7.0,48.0,16.0,42.0,185.0,9.0,17.0,7.0,2.0,198.0,5.0,28.0,1.0,12.0,7.0,5.0,5.0,5.0,21.0,90.0,140.0,0.0,5.0,50.0,3.0,2.0,8.0,3.0,1.0,1.0,18.0,1.0,3.0,8.0,36.0,85.0,30.0,32.0,69.0,4.0,4.0,38.0,28.0,69.0,103.0,3.0,34.0,6.0,8.0,5.0,10.0,21.0,4.0,146.0,6.0,11.0,5.0,52.0,2.0,3.0,11.0,92.0,13.0,30.0,139.0,2.0,130.0,10.0,4.0,21.0,15.0,23.0,6.0,14.0,7.0,122.0,9.0,7.0,91.0,3.0,249.0,2.0,14.0,3.0,39.0,120.0,17.0,5.0,4.0,1.0,7.0,115.0,3.0,0.0,17.0,4.0,12.0,74.0,2.0,53.0,14.0,9.0,16.0,49.0
15.0,2.0,2.0,0.0,2.0,0.0,2.0,0.0,7.0,12.0,2.0,3.0,9.0,4.0,2.0,2.0,2.0,10.0,0.0,8.0,0.0,0.0,2.0,3.0,4.0,15.0,4.0,87.0,9.0,24.0,0.0,46.0,3.0,0.0,0.0,2.0,0.0,0.0,2.0,0.0,7.0,4.0,57.0,4.0,3.0,4.0,9.0,2.0,0.0,15.0,16.0,9.0,12.0,3.0,5.0,2.0,2.0,3.0,1.0,3.0,0.0,10.0,4.0,3.0,13.0,5.0,0.0,0.0,3.0,4.0,4.0,13.0,12.0,3.0,2.0,0.0,4.0,4.0,5.0,5.0,4.0,1.0,1.0,19.0,0.0,3.0,18.0,0.0,8.0,43.0,75.0,3.0,3.0,7.0,3.0,8.0,5.0,4.0,3.0,6.0,4.0,0.0,2.0,0.0,3.0,4.0,2.0,15.0,6.0,3.0,0.0,13.0
205.0,18.0,2.0,9.0,2.0,28.0,38.0,0.0,36.0,146.0,17.0,16.0,99.0,18.0,20.0,17.0,2.0,437.0,3.0,34.0,0.0,948.0,11.0,8.0,28.0,141.0,103.0,743.0,86.0,137.0,120.0,0.0,2.0,4.0,10.0,5.0,0.0,0.0,13.0,2.0,12.0,20.0,186.0,164.0,115.0,12.0,72.0,9.0,3.0,103.0,119.0,125.0,262.0,1.0,111.0,11.0,2.0,17.0,18.0,15.0,0.0,181.0,8.0,9.0,94.0,92.0,3.0,0.0,16.0,623.0,16.0,100.0,317.0,64.0,5.0,33.0,63.0,59.0,92.0,53.0,48.0,32.0,17.0,149.0,19.0,6.0,136.0,22.0,259.0,138.0,742.0,14.0,44.0,50.0,27.0,20.0,3.0,0.0,6.0,269.0,4.0,0.0,20.0,12.0,30.0,20.0,0.0,65.0,31.0,6.0,0.0,147.0
0.0,20.0,1.0,0.0,6.0,34.0,16.0,0.0,0.0,17.0,0.0,9.0,11.0,0.0,0.0,1.0,0.0,18.0,0.0,34.0,0.0,5.0,1.0,1.0,7.0,1.0,6.0,17.0,8.0,7.0,0.0,25.0,0.0,1.0,0.0,0.0,0.0,0.0,1.0,0.0,2.0,7.0,9.0,17.0,6.0,4.0,77.0,0.0,1.0,8.0,15.0,5.0,14.0,0.0,79.0,12.0,0.0,7.0,1.0,0.0,0.0,18.0,2.0,15.0,2.0,36.0,2.0,0.0,0.0,8.0,8.0,16.0,15.0,0.0,7.0,3.0,0.0,15.0,2.0,12.0,1.0,0.0,0.0,17.0,1.0,1.0,23.0,2.0,0.0,1.0,3.0,0.0,1.0,5.0,6.0,0.0,2.0,0.0,0.0,3.0,1.0,0.0,11.0,0.0,6.0,0.0,4.0,22.0,5.0,1.0,0.0,0.0
4.0,5.0,1.0,6.0,0.0,0.0,1.0,1.0,2.0,6.0,2.0,0.0,6.0,21.0,1.0,0.0,0.0,5.0,0.0,2.0,0.0,2.0,0.0,3.0,0.0,1.0,0.0,19.0,1.0,13.0,2.0,3.0,0.0,0.0,0.0,4.0,0.0,0.0,5.0,12.0,0.0,0.0,3.0,1.0,3.0,0.0,0.0,1.0,0.0,17.0,1.0,59.0,17.0,0.0,3.0,3.0,0.0,9.0,0.0,2.0,0.0,15.0,2.0,1.0,0.0,5.0,0.0,1.0,0.0,3.0,1.0,12.0,6.0,0.0,12.0,3.0,0.0,0.0,2.0,1.0,1.0,0.0,0.0,4.0,5.0,0.0,9.0,2.0,0.0,1.0,2.0,0.0,0.0,3.0,3.0,0.0,3.0,0.0,1.0,9.0,1.0,0.0,2.0,0.0,0.0,3.0,0.0,3.0,2.0,1.0,5.0,10.0
2.0,3.0,0.0,9.0,3.0,0.0,3.0,2.0,17.0,12.0,4.0,12.0,12.0,4.0,15.0,26.0,0.0,40.0,0.0,1.0,0.0,7.0,1.0,0.0,0.0,1.0,0.0,346.0,14.0,19.0,0.0,5.0,1.0,0.0,0.0,7.0,0.0,0.0,0.0,0.0,0.0,1.0,6.0,8.0,26.0,0.0,12.0,1.0,0.0,10.0,6.0,2.0,27.0,0.0,8.0,1.0,2.0,41.0,4.0,5.0,1.0,8.0,0.0,2.0,1.0,11.0,0.0,0.0,5.0,0.0,4.0,5.0,8.0,0.0,0.0,0.0,0.0,6.0,1.0,11.0,0.0,25.0,0.0,2.0,0.0,9.0,7.0,0.0,0.0,2.0,2.0,5.0,7.0,6.0,3.0,0.0,0.0,0.0,5.0,23.0,3.0,0.0,2.0,4.0,0.0,0.0,0.0,0.0,2.0,5.0,0.0,11.0
3.0,7.0,1.0,0.0,2.0,1.0,6.0,0.0,9.0,11.0,0.0,3.0,5.0,3.0,3.0,1.0,0.0,13.0,1.0,9.0,0.0,2.0,0.0,1.0,6.0,3.0,12.0,30.0,4.0,8.0,1.0,3.0,2.0,2.0,7.0,0.0,0.0,0.0,2.0,0.0,0.0,5.0,10.0,13.0,22.0,4.0,17.0,4.0,0.0,2.0,2.0,11.0,241.0,0.0,8.0,0.0,2.0,8.0,5.0,27.0,0.0,25.0,4.0,3.0,1.0,2.0,0.0,0.0,8.0,9.0,2.0,4.0,39.0,0.0,0.0,3.0,0.0,4.0,4.0,5.0,2.0,12.0,5.0,5.0,7.0,11.0,15.0,2.0,4.0,2.0,2.0,1.0,5.0,4.0,3.0,4.0,1.0,0.0,3.0,34.0,0.0,1.0,6.0,4.0,24.0,1.0,5.0,12.0,11.0,3.0,2.0,7.0
0.0,0.0,0.0,0.0,0.0,0.0,0.0,0.0,0.0,0.0,0.0,0.0,0.0,0.0,0.0,0.0,0.0,0.0,0.0,0.0,0.0,0.0,0.0,0.0,0.0,0.0,0.0,0.0,0.0,0.0,0.0,0.0,0.0,0.0,0.0,0.0,0.0,0.0,0.0,0.0,0.0,0.0,0.0,0.0,0.0,0.0,0.0,0.0,0.0,0.0,0.0,0.0,0.0,0.0,0.0,0.0,0.0,0.0,0.0,0.0,0.0,0.0,0.0,0.0,0.0,1.0,0.0,0.0,0.0,0.0,0.0,0.0,0.0,0.0,0.0,0.0,0.0,0.0,0.0,0.0,0.0,0.0,0.0,0.0,0.0,0.0,0.0,0.0,0.0,0.0,0.0,0.0,0.0,0.0,0.0,0.0,0.0,0.0,0.0,0.0,0.0,0.0,0.0,0.0,0.0,0.0,0.0,0.0,0.0,0.0,0.0,0.0
1.0,0.0,11.0,0.0,0.0,0.0,1.0,0.0,0.0,1.0,0.0,0.0,2.0,0.0,2.0,0.0,0.0,54.0,1.0,0.0,0.0,0.0,2.0,0.0,0.0,1.0,1.0,2.0,0.0,1.0,0.0,1.0,0.0,0.0,0.0,0.0,0.0,0.0,0.0,0.0,0.0,0.0,0.0,1.0,2.0,2.0,1.0,0.0,0.0,0.0,0.0,7.0,1.0,0.0,1.0,0.0,0.0,0.0,0.0,0.0,0.0,4.0,0.0,0.0,0.0,2.0,0.0,0.0,0.0,1.0,0.0,0.0,3.0,0.0,0.0,0.0,0.0,1.0,1.0,0.0,0.0,0.0,1.0,6.0,1.0,0.0,3.0,0.0,1.0,0.0,0.0,0.0,0.0,0.0,0.0,0.0,0.0,0.0,0.0,7.0,1.0,0.0,2.0,0.0,0.0,2.0,0.0,4.0,1.0,0.0,0.0,2.0
11.0,9.0,0.0,0.0,4.0,8.0,1.0,0.0,6.0,125.0,0.0,1.0,28.0,4.0,7.0,3.0,0.0,105.0,0.0,7.0,0.0,4.0,0.0,9.0,2.0,5.0,4.0,71.0,26.0,26.0,0.0,20.0,0.0,0.0,0.0,2.0,0.0,0.0,0.0,0.0,1.0,4.0,11.0,35.0,10.0,3.0,16.0,2.0,0.0,3.0,9.0,27.0,37.0,0.0,20.0,11.0,2.0,5.0,10.0,4.0,2.0,60.0,10.0,43.0,3.0,14.0,0.0,8.0,2.0,68.0,5.0,26.0,61.0,0.0,16.0,1.0,1.0,12.0,11.0,27.0,3.0,4.0,15.0,34.0,6.0,0.0,104.0,1.0,8.0,5.0,13.0,6.0,22.0,25.0,5.0,1.0,1.0,1.0,1.0,60.0,6.0,0.0,6.0,2.0,3.0,5.0,0.0,54.0,9.0,5.0,0.0,32.0
1.0,7.0,0.0,2.0,0.0,3.0,0.0,0.0,1.0,4.0,0.0,3.0,6.0,5.0,1.0,4.0,0.0,10.0,2.0,4.0,0.0,0.0,0.0,0.0,2.0,0.0,8.0,10.0,7.0,16.0,0.0,10.0,0.0,1.0,2.0,0.0,0.0,0.0,0.0,0.0,0.0,2.0,2.0,4.0,6.0,2.0,8.0,0.0,0.0,11.0,3.0,12.0,12.0,0.0,38.0,7.0,2.0,4.0,3.0,0.0,0.0,8.0,0.0,10.0,0.0,2.0,0.0,2.0,3.0,1.0,5.0,12.0,19.0,0.0,14.0,0.0,1.0,0.0,4.0,4.0,1.0,2.0,0.0,5.0,6.0,0.0,5.0,0.0,3.0,1.0,0.0,0.0,3.0,2.0,1.0,0.0,2.0,0.0,0.0,7.0,7.0,0.0,1.0,0.0,8.0,9.0,0.0,10.0,4.0,2.0,1.0,16.0
2.0,3.0,2.0,3.0,0.0,8.0,7.0,3.0,1.0,3.0,1.0,5.0,9.0,2.0,1.0,0.0,0.0,10.0,0.0,7.0,0.0,0.0,0.0,2.0,4.0,1.0,3.0,10.0,8.0,18.0,0.0,8.0,1.0,0.0,7.0,3.0,0.0,0.0,1.0,1.0,0.0,1.0,5.0,10.0,1.0,1.0,4.0,1.0,0.0,12.0,14.0,8.0,15.0,6.0,6.0,0.0,2.0,5.0,28.0,7.0,0.0,5.0,1.0,2.0,1.0,5.0,0.0,1.0,1.0,7.0,1.0,10.0,11.0,0.0,4.0,4.0,2.0,4.0,17.0,1.0,1.0,0.0,2.0,9.0,3.0,0.0,2.0,4.0,0.0,5.0,5.0,1.0,68.0,6.0,0.0,2.0,2.0,0.0,0.0,6.0,0.0,0.0,5.0,2.0,13.0,3.0,0.0,15.0,5.0,0.0,0.0,23.0
21.0,2.0,4.0,2.0,4.0,5.0,4.0,0.0,3.0,42.0,6.0,1.0,13.0,6.0,8.0,5.0,0.0,43.0,0.0,16.0,0.0,0.0,3.0,1.0,0.0,12.0,11.0,31.0,24.0,25.0,3.0,8.0,0.0,1.0,0.0,0.0,0.0,0.0,6.0,0.0,4.0,0.0,37.0,10.0,4.0,4.0,49.0,2.0,2.0,18.0,1.0,12.0,40.0,3.0,10.0,6.0,1.0,10.0,4.0,4.0,1.0,17.0,4.0,2.0,1.0,40.0,0.0,0.0,17.0,22.0,4.0,15.0,49.0,0.0,4.0,8.0,0.0,6.0,6.0,5.0,6.0,6.0,2.0,26.0,5.0,0.0,22.0,5.0,12.0,1.0,3.0,2.0,10.0,10.0,5.0,2.0,6.0,1.0,0.0,36.0,2.0,1.0,4.0,0.0,30.0,4.0,0.0,16.0,7.0,2.0,1.0,33.0
67.0,42.0,10.0,3.0,14.0,24.0,89.0,1.0,22.0,131.0,15.0,31.0,188.0,16.0,24.0,11.0,1.0,196.0,3.0,50.0,0.0,29.0,7.0,7.0,53.0,46.0,53.0,1010.0,79.0,110.0,17.0,1247.0,12.0,2.0,10.0,5.0,0.0,0.0,81.0,0.0,21.0,35.0,0.0,130.0,55.0,17.0,41.0,10.0,6.0,55.0,90.0,54.0,181.0,1.0,73.0,11.0,7.0,18.0,31.0,22.0,5.0,132.0,10.0,31.0,41.0,75.0,0.0,0.0,29.0,112.0,26.0,246.0,170.0,8.0,23.0,14.0,17.0,48.0,22.0,53.0,20.0,9.0,26.0,102.0,19.0,7.0,214.0,37.0,178.0,39.0,156.0,14.0,61.0,28.0,47.0,12.0,5.0,1.0,10.0,95.0,3.0,1.0,29.0,4.0,38.0,11.0,0.0,103.0,24.0,11.0,2.0,69.0
14.0,10.0,0.0,1.0,1.0,4.0,33.0,0.0,51.0,85.0,0.0,5.0,94.0,7.0,24.0,14.0,1.0,552.0,2.0,14.0,0.0,174.0,2.0,0.0,5.0,4.0,27.0,161.0,45.0,75.0,0.0,61.0,0.0,0.0,3.0,8.0,0.0,0.0,24.0,0.0,0.0,3.0,17.0,0.0,107.0,0.0,14.0,3.0,0.0,26.0,28.0,23.0,155.0,0.0,29.0,7.0,0.0,5.0,4.0,10.0,0.0,107.0,4.0,5.0,4.0,32.0,0.0,0.0,10.0,235.0,5.0,30.0,275.0,3.0,0.0,20.0,1.0,169.0,11.0,13.0,0.0,17.0,3.0,58.0,3.0,1.0,159.0,0.0,44.0,5.0,29.0,6.0,78.0,54.0,10.0,0.0,0.0,0.0,0.0,443.0,1.0,0.0,13.0,1.0,4.0,6.0,0.0,97.0,5.0,6.0,0.0,89.0
9.0,5.0,2.0,2.0,16.0,6.0,19.0,0.0,49.0,44.0,14.0,4.0,29.0,12.0,247.0,9.0,0.0,93.0,1.0,16.0,0.0,19.0,2.0,1.0,13.0,1.0,94.0,122.0,64.0,66.0,2.0,48.0,10.0,1.0,76.0,8.0,0.0,0.0,14.0,0.0,1.0,11.0,35.0,198.0,0.0,8.0,26.0,5.0,0.0,18.0,10.0,242.0,111.0,0.0,81.0,1.0,2.0,24.0,88.0,39.0,4.0,85.0,0.0,14.0,3.0,26.0,0.0,0.0,4.0,33.0,7.0,21.0,7685.0,0.0,1.0,5.0,0.0,50.0,8.0,32.0,0.0,111.0,5.0,66.0,7.0,25.0,442.0,2.0,67.0,1.0,26.0,2.0,13.0,27.0,17.0,0.0,1.0,2.0,3.0,228.0,2.0,0.0,7.0,3.0,9.0,5.0,0.0,45.0,9.0,9.0,0.0,81.0
17.0,8.0,1.0,0.0,5.0,8.0,8.0,2.0,16.0,59.0,2.0,5.0,46.0,19.0,8.0,7.0,1.0,99.0,2.0,18.0,0.0,6.0,10.0,4.0,6.0,9.0,16.0,39.0,54.0,78.0,3.0,33.0,2.0,6.0,0.0,3.0,1.0,0.0,8.0,1.0,8.0,6.0,29.0,17.0,21.0,0.0,42.0,5.0,1.0,22.0,6.0,48.0,52.0,1.0,39.0,5.0,2.0,34.0,1.0,9.0,4.0,288.0,4.0,8.0,3.0,35.0,1.0,1.0,10.0,41.0,3.0,23.0,66.0,0.0,14.0,9.0,0.0,5.0,16.0,15.0,7.0,2.0,8.0,45.0,3.0,1.0,222.0,23.0,22.0,9.0,33.0,4.0,15.0,11.0,5.0,2.0,2.0,3.0,3.0,26.0,5.0,0.0,11.0,1.0,39.0,7.0,1.0,40.0,19.0,13.0,2.0,22.0
26.0,35.0,7.0,7.0,7.0,8.0,26.0,2.0,10.0,83.0,10.0,13.0,89.0,29.0,23.0,62.0,8.0,134.0,72.0,51.0,1.0,19.0,11.0,5.0,18.0,19.0,45.0,107.0,87.0,130.0,7.0,117.0,13.0,3.0,5.0,56.0,3.0,0.0,110.0,2.0,93.0,25.0,27.0,50.0,53.0,51.0,0.0,11.0,9.0,57.0,23.0,96.0,184.0,12.0,34.0,24.0,9.0,11.0,20.0,41.0,4.0,65.0,18.0,13.0,18.0,61.0,2.0,3.0,9.0,100.0,16.0,28.0,190.0,5.0,12.0,15.0,4.0,35.0,34.0,26.0,11.0,21.0,55.0,61.0,14.0,11.0,137.0,21.0,80.0,22.0,16.0,16.0,22.0,36.0,20.0,16.0,20.0,7.0,9.0,78.0,43.0,4.0,29.0,10.0,25.0,27.0,2.0,102.0,21.0,14.0,4.0,90.0
5.0,3.0,1.0,1.0,0.0,3.0,1.0,0.0,2.0,6.0,0.0,0.0,12.0,3.0,12.0,3.0,0.0,10.0,1.0,3.0,0.0,4.0,1.0,0.0,0.0,3.0,7.0,20.0,8.0,14.0,1.0,11.0,0.0,4.0,0.0,3.0,0.0,0.0,2.0,0.0,0.0,11.0,9.0,7.0,7.0,2.0,13.0,0.0,0.0,2.0,6.0,8.0,12.0,0.0,33.0,3.0,0.0,6.0,8.0,9.0,1.0,7.0,3.0,3.0,2.0,3.0,0.0,0.0,6.0,6.0,4.0,5.0,26.0,0.0,4.0,0.0,0.0,5.0,4.0,4.0,1.0,5.0,0.0,10.0,2.0,0.0,22.0,2.0,3.0,2.0,5.0,1.0,9.0,10.0,1.0,0.0,0.0,0.0,0.0,37.0,1.0,0.0,5.0,3.0,5.0,6.0,0.0,6.0,3.0,5.0,0.0,3.0
3.0,26.0,0.0,0.0,0.0,5.0,0.0,0.0,1.0,2.0,0.0,0.0,2.0,0.0,0.0,0.0,0.0,15.0,0.0,10.0,0.0,0.0,0.0,0.0,1.0,1.0,3.0,123.0,0.0,3.0,0.0,3.0,3.0,0.0,1.0,0.0,0.0,0.0,1.0,0.0,0.0,0.0,1.0,3.0,8.0,0.0,3.0,0.0,0.0,3.0,0.0,2.0,7.0,0.0,0.0,0.0,0.0,1.0,3.0,1.0,0.0,1.0,0.0,0.0,0.0,0.0,3.0,0.0,2.0,1.0,2.0,1.0,22.0,0.0,1.0,3.0,0.0,0.0,1.0,1.0,0.0,2.0,0.0,1.0,2.0,4.0,1.0,0.0,4.0,2.0,0.0,0.0,0.0,0.0,14.0,0.0,0.0,0.0,0.0,6.0,0.0,0.0,0.0,0.0,2.0,0.0,3.0,3.0,1.0,0.0,0.0,1.0
24.0,25.0,4.0,1.0,5.0,21.0,38.0,16.0,17.0,75.0,4.0,14.0,44.0,25.0,12.0,22.0,0.0,121.0,4.0,225.0,0.0,29.0,9.0,5.0,35.0,29.0,66.0,134.0,65.0,93.0,3.0,265.0,1.0,8.0,19.0,6.0,0.0,1.0,43.0,2.0,47.0,25.0,27.0,61.0,23.0,14.0,29.0,3.0,4.0,0.0,22.0,44.0,161.0,0.0,109.0,19.0,3.0,15.0,21.0,149.0,1.0,143.0,17.0,28.0,7.0,100.0,0.0,0.0,8.0,113.0,23.0,59.0,166.0,1.0,8.0,17.0,5.0,23.0,14.0,64.0,2.0,34.0,30.0,111.0,18.0,2.0,60.0,80.0,23.0,19.0,28.0,9.0,46.0,40.0,12.0,2.0,5.0,0.0,6.0,219.0,31.0,0.0,27.0,0.0,16.0,12.0,1.0,50.0,41.0,7.0,0.0,80.0
3.0,8.0,0.0,1.0,6.0,5.0,42.0,1.0,3.0,70.0,1.0,14.0,47.0,2.0,16.0,4.0,0.0,43.0,2.0,30.0,0.0,3.0,10.0,16.0,36.0,7.0,5.0,34.0,9.0,27.0,4.0,17.0,0.0,1.0,5.0,1.0,1.0,0.0,2.0,0.0,11.0,6.0,8.0,43.0,6.0,4.0,13.0,16.0,2.0,15.0,0.0,57.0,67.0,3.0,13.0,5.0,2.0,3.0,9.0,19.0,1.0,34.0,4.0,9.0,1.0,27.0,0.0,4.0,12.0,70.0,45.0,15.0,78.0,0.0,1.0,25.0,1.0,5.0,26.0,24.0,3.0,22.0,15.0,21.0,41.0,9.0,110.0,4.0,10.0,6.0,23.0,2.0,35.0,5.0,12.0,1.0,5.0,0.0,5.0,37.0,1.0,0.0,4.0,2.0,6.0,4.0,0.0,52.0,11.0,7.0,1.0,12.0
28.0,25.0,5.0,0.0,5.0,13.0,15.0,3.0,18.0,294.0,5.0,9.0,86.0,19.0,5.0,10.0,1.0,539.0,5.0,23.0,0.0,11.0,7.0,14.0,59.0,38.0,54.0,110.0,38.0,84.0,6.0,71.0,4.0,25.0,3.0,6.0,0.0,1.0,12.0,9.0,82.0,42.0,103.0,36.0,26.0,29.0,25.0,23.0,7.0,25.0,33.0,0.0,137.0,2.0,58.0,13.0,5.0,18.0,4.0,12.0,3.0,91.0,4.0,7.0,2.0,53.0,2.0,9.0,8.0,235.0,9.0,65.0,149.0,3.0,14.0,18.0,0.0,28.0,35.0,23.0,3.0,15.0,5.0,62.0,13.0,2.0,186.0,14.0,33.0,30.0,17.0,7.0,40.0,31.0,28.0,0.0,6.0,1.0,6.0,96.0,5.0,0.0,22.0,11.0,12.0,6.0,1.0,110.0,15.0,4.0,4.0,54.0
71.0,40.0,5.0,1.0,2.0,29.0,240.0,1.0,10.0,155.0,7.0,242.0,353.0,59.0,23.0,18.0,1.0,607.0,2.0,34.0,0.0,35.0,15.0,12.0,14.0,70.0,126.0,316.0,189.0,218.0,13.0,134.0,5.0,3.0,7.0,14.0,1.0,0.0,52.0,3.0,139.0,72.0,147.0,246.0,328.0,48.0,176.0,37.0,6.0,151.0,170.0,242.0,0.0,12.0,85.0,11.0,56.0,33.0,13.0,39.0,3.0,524.0,13.0,42.0,15.0,100.0,2.0,5.0,25.0,151.0,18.0,112.0,400.0,2.0,16.0,36.0,2.0,34.0,27.0,171.0,4.0,65.0,46.0,289.0,44.0,12.0,221.0,22.0,142.0,16.0,52.0,9.0,211.0,151.0,80.0,5.0,5.0,8.0,8.0,315.0,13.0,0.0,63.0,2.0,23.0,68.0,2.0,264.0,19.0,7.0,7.0,304.0
2.0,0.0,0.0,0.0,0.0,0.0,5.0,0.0,0.0,1.0,0.0,2.0,0.0,0.0,0.0,0.0,0.0,3.0,0.0,0.0,0.0,1.0,0.0,0.0,2.0,1.0,67.0,4.0,1.0,1.0,1.0,1.0,0.0,0.0,0.0,0.0,0.0,0.0,0.0,0.0,1.0,4.0,0.0,1.0,0.0,0.0,0.0,0.0,0.0,11.0,0.0,1.0,8.0,0.0,1.0,0.0,0.0,1.0,5.0,0.0,0.0,5.0,1.0,0.0,58.0,2.0,0.0,0.0,0.0,4.0,2.0,4.0,4.0,0.0,3.0,2.0,0.0,1.0,0.0,2.0,0.0,0.0,1.0,1.0,5.0,0.0,6.0,2.0,2.0,0.0,0.0,0.0,4.0,1.0,0.0,0.0,0.0,0.0,0.0,3.0,0.0,0.0,0.0,0.0,0.0,1.0,0.0,2.0,2.0,1.0,0.0,2.0
21.0,5.0,0.0,0.0,0.0,10.0,2.0,0.0,5.0,31.0,0.0,1.0,6.0,4.0,7.0,6.0,0.0,16.0,0.0,3.0,0.0,7.0,1.0,0.0,1.0,25.0,12.0,89.0,21.0,6.0,0.0,15.0,0.0,0.0,3.0,2.0,0.0,0.0,7.0,1.0,0.0,1.0,22.0,56.0,81.0,4.0,8.0,1.0,0.0,3.0,4.0,14.0,58.0,0.0,0.0,3.0,0.0,1.0,1.0,4.0,3.0,168.0,1.0,43.0,6.0,4.0,0.0,0.0,0.0,13.0,0.0,8.0,24.0,0.0,0.0,0.0,1.0,14.0,1.0,2.0,1.0,1.0,4.0,26.0,0.0,1.0,28.0,0.0,45.0,2.0,12.0,0.0,6.0,20.0,6.0,0.0,0.0,0.0,0.0,15.0,0.0,0.0,2.0,0.0,1.0,5.0,0.0,32.0,5.0,12.0,0.0,25.0
4.0,2.0,1.0,1.0,3.0,1.0,8.0,1.0,3.0,19.0,4.0,2.0,15.0,21.0,1.0,9.0,0.0,26.0,1.0,15.0,0.0,4.0,9.0,5.0,4.0,1.0,20.0,12.0,4.0,15.0,4.0,12.0,1.0,12.0,2.0,3.0,1.0,0.0,5.0,6.0,3.0,10.0,12.0,16.0,10.0,5.0,2.0,1.0,1.0,27.0,18.0,23.0,55.0,1.0,56.0,0.0,0.0,7.0,1.0,1.0,1.0,60.0,13.0,10.0,8.0,11.0,1.0,1.0,5.0,40.0,4.0,43.0,27.0,0.0,8.0,5.0,0.0,7.0,6.0,4.0,4.0,3.0,9.0,22.0,16.0,1.0,28.0,6.0,7.0,2.0,2.0,2.0,19.0,3.0,1.0,1.0,2.0,2.0,4.0,16.0,5.0,0.0,3.0,5.0,10.0,7.0,1.0,19.0,12.0,3.0,1.0,14.0
0.0,0.0,0.0,4.0,0.0,0.0,0.0,0.0,1.0,1.0,0.0,2.0,0.0,1.0,0.0,3.0,0.0,0.0,0.0,0.0,0.0,0.0,0.0,1.0,0.0,0.0,2.0,0.0,1.0,4.0,0.0,1.0,0.0,2.0,12.0,0.0,0.0,0.0,0.0,2.0,11.0,12.0,0.0,0.0,0.0,0.0,1.0,0.0,0.0,4.0,0.0,5.0,67.0,0.0,1.0,0.0,0.0,0.0,0.0,1.0,0.0,0.0,0.0,9.0,0.0,0.0,0.0,0.0,0.0,0.0,2.0,1.0,2.0,0.0,0.0,0.0,0.0,0.0,0.0,0.0,0.0,0.0,0.0,3.0,10.0,0.0,4.0,0.0,0.0,0.0,0.0,0.0,0.0,2.0,0.0,0.0,0.0,0.0,0.0,2.0,13.0,0.0,0.0,0.0,0.0,0.0,0.0,1.0,1.0,0.0,0.0,0.0
7.0,18.0,3.0,3.0,4.0,4.0,10.0,2.0,19.0,12.0,33.0,4.0,20.0,16.0,8.0,15.0,0.0,27.0,4.0,10.0,0.0,4.0,9.0,6.0,6.0,8.0,3.0,40.0,17.0,54.0,4.0,16.0,0.0,7.0,4.0,9.0,0.0,0.0,4.0,2.0,5.0,8.0,39.0,24.0,12.0,22.0,17.0,20.0,1.0,5.0,11.0,33.0,41.0,0.0,12.0,2.0,4.0,0.0,135.0,30.0,0.0,28.0,14.0,2.0,5.0,14.0,0.0,0.0,11.0,20.0,21.0,45.0,32.0,0.0,10.0,15.0,1.0,7.0,6.0,10.0,4.0,4.0,0.0,24.0,37.0,0.0,25.0,4.0,13.0,3.0,19.0,10.0,27.0,26.0,2.0,5.0,0.0,2.0,11.0,32.0,6.0,0.0,4.0,12.0,24.0,4.0,0.0,31.0,9.0,5.0,10.0,16.0
13.0,5.0,21.0,4.0,1.0,2.0,13.0,0.0,15.0,25.0,18.0,13.0,34.0,32.0,30.0,14.0,0.0,293.0,0.0,14.0,0.0,49.0,10.0,6.0,45.0,1.0,37.0,103.0,43.0,65.0,2.0,64.0,2.0,0.0,3.0,0.0,0.0,0.0,10.0,0.0,9.0,2.0,17.0,293.0,57.0,2.0,49.0,5.0,0.0,19.0,12.0,39.0,44.0,1.0,17.0,0.0,2.0,1.0,0.0,25.0,1.0,143.0,9.0,8.0,5.0,186.0,0.0,1.0,4.0,23.0,3.0,39.0,1190.0,1.0,15.0,11.0,0.0,65.0,3.0,1053.0,2.0,51.0,3.0,31.0,8.0,0.0,29.0,4.0,102.0,16.0,3.0,1.0,28.0,12.0,19.0,0.0,15.0,0.0,0.0,98.0,0.0,0.0,19.0,5.0,8.0,3.0,1.0,63.0,25.0,9.0,0.0,160.0
0.0,3.0,2.0,2.0,1.0,0.0,7.0,1.0,9.0,13.0,0.0,3.0,44.0,4.0,19.0,0.0,0.0,43.0,0.0,9.0,0.0,11.0,0.0,0.0,11.0,1.0,1.0,35.0,33.0,61.0,0.0,11.0,0.0,0.0,6.0,6.0,0.0,0.0,1.0,0.0,3.0,2.0,4.0,32.0,60.0,4.0,17.0,1.0,0.0,17.0,4.0,11.0,34.0,0.0,4.0,1.0,1.0,4.0,6.0,0.0,0.0,35.0,4.0,2.0,0.0,12.0,0.0,0.0,4.0,17.0,2.0,14.0,80.0,0.0,0.0,0.0,0.0,21.0,3.0,7.0,0.0,14.0,1.0,24.0,1.0,13.0,109.0,2.0,8.0,0.0,9.0,0.0,11.0,32.0,1.0,0.0,1.0,0.0,0.0,57.0,0.0,0.0,105.0,2.0,1.0,7.0,0.0,32.0,7.0,3.0,0.0,21.0
0.0,14.0,0.0,7.0,0.0,0.0,2.0,0.0,0.0,0.0,0.0,0.0,0.0,0.0,0.0,1.0,0.0,0.0,0.0,2.0,0.0,0.0,0.0,0.0,7.0,0.0,0.0,40.0,0.0,0.0,1.0,6.0,0.0,0.0,0.0,0.0,0.0,0.0,0.0,0.0,0.0,0.0,2.0,0.0,4.0,0.0,6.0,0.0,0.0,0.0,0.0,22.0,1.0,0.0,0.0,0.0,0.0,0.0,2.0,0.0,0.0,11.0,4.0,4.0,0.0,0.0,2.0,0.0,4.0,1.0,2.0,0.0,20.0,0.0,2.0,2.0,0.0,2.0,0.0,1.0,0.0,0.0,0.0,4.0,2.0,4.0,2.0,0.0,1.0,0.0,3.0,1.0,2.0,0.0,0.0,0.0,0.0,0.0,4.0,6.0,0.0,0.0,0.0,0.0,0.0,0.0,0.0,1.0,0.0,0.0,0.0,6.0
63.0,41.0,8.0,4.0,14.0,47.0,41.0,3.0,36.0,133.0,18.0,19.0,175.0,54.0,35.0,19.0,0.0,569.0,3.0,88.0,0.0,38.0,13.0,8.0,28.0,73.0,101.0,280.0,58.0,388.0,7.0,138.0,10.0,6.0,10.0,3.0,2.0,2.0,15.0,2.0,13.0,16.0,74.0,4969.0,90.0,104.0,59.0,5.0,8.0,125.0,59.0,182.0,572.0,4.0,289.0,14.0,8.0,13.0,37.0,42.0,5.0,0.0,20.0,298.0,10.0,145.0,0.0,4.0,17.0,993.0,12.0,143.0,410.0,5.0,10.0,79.0,5.0,113.0,48.0,48.0,4.0,15.0,282.0,228.0,37.0,21.0,290.0,8.0,227.0,19.0,59.0,12.0,72.0,60.0,39.0,2.0,5.0,10.0,26.0,414.0,25.0,0.0,72.0,2.0,19.0,20.0,0.0,125.0,29.0,7.0,2.0,129.0
3.0,11.0,0.0,7.0,2.0,1.0,17.0,1.0,6.0,48.0,2.0,2.0,14.0,7.0,5.0,7.0,0.0,36.0,1.0,4.0,0.0,4.0,4.0,2.0,13.0,5.0,9.0,38.0,30.0,62.0,4.0,23.0,5.0,2.0,14.0,2.0,0.0,0.0,14.0,0.0,4.0,8.0,14.0,114.0,22.0,14.0,16.0,4.0,0.0,12.0,9.0,24.0,24.0,4.0,9.0,3.0,1.0,16.0,10.0,21.0,0.0,79.0,0.0,8.0,2.0,14.0,2.0,0.0,4.0,10.0,9.0,22.0,61.0,0.0,2.0,3.0,2.0,23.0,4.0,7.0,4.0,5.0,1.0,21.0,3.0,3.0,24.0,6.0,8.0,3.0,4.0,8.0,6.0,17.0,5.0,0.0,8.0,0.0,2.0,64.0,1.0,0.0,13.0,4.0,4.0,4.0,0.0,24.0,13.0,6.0,1.0,35.0
10.0,16.0,5.0,2.0,1.0,4.0,3.0,0.0,6.0,21.0,0.0,0.0,20.0,3.0,5.0,2.0,0.0,65.0,1.0,7.0,0.0,2.0,1.0,1.0,4.0,6.0,3.0,33.0,17.0,29.0,1.0,16.0,0.0,1.0,1.0,0.0,0.0,0.0,1.0,13.0,136.0,2.0,6.0,11.0,2.0,4.0,5.0,1.0,0.0,11.0,42.0,36.0,149.0,0.0,15.0,6.0,0.0,3.0,9.0,3.0,0.0,128.0,1.0,0.0,1.0,4.0,0.0,0.0,20.0,10.0,13.0,27.0,12.0,5.0,3.0,1.0,0.0,5.0,2.0,26.0,0.0,442.0,36.0,17.0,7.0,2.0,114.0,8.0,11.0,3.0,6.0,0.0,14.0,5.0,2.0,1.0,2.0,0.0,2.0,12.0,1.0,1.0,63.0,4.0,3.0,6.0,0.0,36.0,7.0,2.0,3.0,9.0
10.0,2.0,4.0,1.0,3.0,3.0,2.0,0.0,1.0,13.0,1.0,1.0,9.0,39.0,1.0,9.0,0.0,5.0,0.0,6.0,0.0,11.0,6.0,1.0,3.0,21.0,5.0,241.0,8.0,10.0,18.0,45.0,1.0,1.0,1.0,1.0,0.0,0.0,5.0,1.0,0.0,3.0,52.0,19.0,1.0,0.0,5.0,1.0,0.0,4.0,7.0,101.0,12.0,0.0,5.0,4.0,1.0,14.0,3.0,0.0,0.0,24.0,4.0,2.0,0.0,7.0,1.0,0.0,8.0,14.0,2.0,11.0,17.0,10.0,4.0,3.0,12.0,1.0,5.0,4.0,93.0,3.0,2.0,15.0,14.0,0.0,14.0,10.0,16.0,7.0,23.0,1.0,9.0,6.0,4.0,6.0,2.0,0.0,3.0,10.0,3.0,0.0,5.0,3.0,10.0,6.0,0.0,11.0,20.0,2.0,0.0,10.0
48.0,30.0,4.0,0.0,3.0,29.0,19.0,0.0,23.0,63.0,17.0,21.0,73.0,13.0,7.0,8.0,2.0,623.0,0.0,19.0,0.0,13.0,4.0,3.0,20.0,30.0,271.0,111.0,31.0,99.0,1.0,101.0,6.0,6.0,4.0,2.0,0.0,3.0,14.0,1.0,36.0,25.0,41.0,77.0,64.0,7.0,12.0,6.0,1.0,86.0,24.0,118.0,156.0,1.0,49.0,3.0,3.0,12.0,17.0,17.0,1.0,117.0,3.0,7.0,15.0,0.0,0.0,0.0,80.0,91.0,13.0,18.0,208.0,1.0,12.0,10.0,1.0,36.0,30.0,35.0,4.0,21.0,12.0,98.0,7.0,11.0,159.0,4.0,67.0,15.0,40.0,64.0,51.0,26.0,29.0,3.0,17.0,0.0,1.0,101.0,8.0,0.0,48.0,4.0,4.0,4.0,1.0,72.0,16.0,3.0,0.0,91.0
1.0,7.0,0.0,1.0,0.0,3.0,4.0,0.0,0.0,3.0,1.0,1.0,1.0,4.0,2.0,1.0,0.0,7.0,1.0,6.0,0.0,0.0,1.0,0.0,0.0,0.0,0.0,0.0,0.0,4.0,2.0,6.0,6.0,2.0,0.0,0.0,0.0,0.0,0.0,0.0,0.0,0.0,8.0,14.0,0.0,0.0,0.0,1.0,2.0,2.0,0.0,15.0,15.0,0.0,0.0,0.0,0.0,6.0,2.0,0.0,0.0,1.0,1.0,0.0,0.0,2.0,0.0,0.0,3.0,0.0,0.0,2.0,11.0,0.0,2.0,0.0,0.0,0.0,0.0,1.0,0.0,1.0,0.0,11.0,1.0,1.0,2.0,0.0,0.0,0.0,3.0,0.0,4.0,2.0,19.0,0.0,0.0,0.0,0.0,10.0,0.0,1.0,0.0,3.0,1.0,5.0,14.0,3.0,3.0,1.0,0.0,0.0
3.0,12.0,0.0,5.0,4.0,2.0,2.0,1.0,1.0,14.0,2.0,4.0,10.0,1.0,4.0,8.0,0.0,16.0,1.0,1.0,0.0,0.0,1.0,2.0,1.0,2.0,2.0,14.0,5.0,13.0,0.0,11.0,0.0,1.0,2.0,0.0,0.0,0.0,0.0,0.0,1.0,3.0,8.0,5.0,7.0,5.0,1.0,1.0,0.0,5.0,3.0,20.0,8.0,0.0,8.0,3.0,0.0,4.0,0.0,6.0,0.0,17.0,0.0,4.0,0.0,15.0,0.0,0.0,4.0,3.0,10.0,3.0,20.0,0.0,1.0,2.0,0.0,1.0,3.0,3.0,0.0,3.0,1.0,8.0,10.0,0.0,19.0,0.0,0.0,2.0,12.0,2.0,11.0,4.0,25.0,0.0,1.0,0.0,1.0,0.0,1.0,0.0,3.0,0.0,2.0,2.0,0.0,24.0,4.0,0.0,0.0,11.0
0.0,2.0,0.0,0.0,0.0,0.0,13.0,0.0,0.0,8.0,1.0,0.0,5.0,0.0,0.0,3.0,0.0,2.0,0.0,0.0,0.0,1.0,0.0,0.0,2.0,0.0,8.0,13.0,5.0,3.0,0.0,6.0,0.0,0.0,0.0,0.0,0.0,0.0,1.0,0.0,1.0,3.0,2.0,2.0,1.0,0.0,0.0,0.0,0.0,3.0,1.0,5.0,35.0,0.0,1.0,123.0,1.0,6.0,11.0,1.0,0.0,4.0,0.0,4.0,0.0,19.0,0.0,0.0,0.0,2.0,0.0,9.0,5.0,0.0,5.0,0.0,0.0,0.0,0.0,1.0,0.0,0.0,0.0,6.0,1.0,0.0,0.0,0.0,0.0,0.0,0.0,7.0,0.0,4.0,1.0,0.0,6.0,0.0,0.0,1.0,3.0,0.0,1.0,0.0,5.0,4.0,0.0,1.0,1.0,2.0,0.0,8.0
18.0,12.0,4.0,1.0,1.0,2.0,21.0,0.0,19.0,115.0,1.0,18.0,60.0,10.0,8.0,1.0,0.0,183.0,1.0,22.0,0.0,19.0,9.0,13.0,36.0,17.0,60.0,161.0,48.0,73.0,3.0,57.0,2.0,1.0,12.0,2.0,0.0,1.0,16.0,0.0,15.0,12.0,45.0,44.0,21.0,10.0,30.0,1.0,1.0,78.0,112.0,108.0,100.0,4.0,32.0,7.0,2.0,5.0,8.0,9.0,2.0,65.0,4.0,5.0,23.0,56.0,1.0,4.0,2.0,0.0,41.0,22.0,153.0,5.0,13.0,13.0,1.0,32.0,19.0,31.0,0.0,20.0,8.0,94.0,10.0,5.0,88.0,1.0,33.0,6.0,38.0,1.0,30.0,52.0,16.0,2.0,0.0,0.0,0.0,132.0,1.0,0.0,20.0,1.0,18.0,33.0,0.0,46.0,31.0,3.0,0.0,49.0
8.0,6.0,3.0,17.0,0.0,1.0,0.0,2.0,2.0,4.0,5.0,3.0,14.0,2.0,5.0,4.0,0.0,49.0,1.0,9.0,0.0,2.0,7.0,10.0,27.0,3.0,2.0,13.0,19.0,16.0,1.0,7.0,4.0,3.0,5.0,1.0,0.0,0.0,2.0,0.0,2.0,2.0,16.0,11.0,3.0,7.0,22.0,3.0,0.0,10.0,17.0,18.0,19.0,6.0,3.0,4.0,2.0,4.0,3.0,6.0,4.0,11.0,4.0,8.0,0.0,4.0,3.0,3.0,4.0,20.0,0.0,8.0,34.0,0.0,6.0,5.0,1.0,3.0,0.0,3.0,3.0,2.0,5.0,8.0,7.0,1.0,11.0,4.0,2.0,0.0,5.0,3.0,3.0,17.0,0.0,1.0,1.0,1.0,6.0,14.0,5.0,3.0,3.0,3.0,12.0,5.0,1.0,4.0,8.0,2.0,1.0,5.0
32.0,12.0,8.0,5.0,3.0,12.0,14.0,0.0,11.0,45.0,11.0,9.0,47.0,18.0,4.0,89.0,0.0,90.0,2.0,14.0,0.0,9.0,7.0,8.0,13.0,10.0,17.0,102.0,24.0,58.0,8.0,61.0,1.0,4.0,11.0,0.0,2.0,0.0,4.0,0.0,2.0,16.0,43.0,69.0,14.0,9.0,8.0,4.0,3.0,25.0,10.0,57.0,58.0,0.0,25.0,10.0,2.0,28.0,5.0,29.0,0.0,79.0,12.0,3.0,8.0,28.0,6.0,1.0,3.0,36.0,18.0,0.0,227.0,0.0,20.0,8.0,4.0,10.0,13.0,25.0,12.0,23.0,3.0,123.0,13.0,11.0,127.0,13.0,15.0,6.0,21.0,9.0,25.0,37.0,11.0,0.0,9.0,0.0,2.0,80.0,0.0,1.0,8.0,1.0,13.0,9.0,0.0,57.0,21.0,4.0,2.0,47.0
89.0,44.0,25.0,2.0,43.0,26.0,139.0,12.0,91.0,245.0,8.0,21.0,308.0,149.0,67.0,34.0,1.0,1515.0,2.0,102.0,0.0,50.0,7.0,5.0,48.0,64.0,298.0,409.0,136.0,261.0,16.0,302.0,4.0,18.0,37.0,13.0,1.0,0.0,20.0,0.0,123.0,55.0,108.0,320.0,524.0,42.0,88.0,24.0,32.0,177.0,51.0,310.0,593.0,2.0,162.0,17.0,4.0,24.0,47.0,166.0,8.0,332.0,11.0,21.0,14.0,172.0,1.0,10.0,18.0,2258.0,36.0,115.0,0.0,7.0,31.0,57.0,3.0,121.0,95.0,189.0,10.0,82.0,14.0,389.0,33.0,29.0,690.0,14.0,271.0,33.0,56.0,18.0,83.0,95.0,60.0,3.0,13.0,6.0,5.0,409.0,13.0,5.0,87.0,12.0,24.0,12.0,0.0,243.0,53.0,18.0,2.0,234.0
2.0,1.0,0.0,0.0,0.0,1.0,3.0,0.0,0.0,20.0,0.0,0.0,24.0,4.0,0.0,0.0,0.0,4.0,0.0,1.0,0.0,0.0,0.0,1.0,27.0,3.0,1.0,36.0,3.0,4.0,6.0,16.0,0.0,2.0,1.0,0.0,0.0,0.0,2.0,0.0,0.0,2.0,2.0,6.0,1.0,4.0,1.0,0.0,0.0,2.0,1.0,6.0,15.0,0.0,1.0,1.0,0.0,1.0,0.0,3.0,0.0,8.0,1.0,2.0,2.0,1.0,0.0,0.0,2.0,5.0,5.0,29.0,5.0,0.0,1.0,0.0,1.0,0.0,3.0,0.0,3.0,0.0,0.0,5.0,5.0,0.0,15.0,0.0,2.0,3.0,24.0,1.0,5.0,1.0,0.0,0.0,0.0,0.0,0.0,1.0,0.0,0.0,0.0,1.0,1.0,0.0,4.0,7.0,0.0,1.0,0.0,7.0
5.0,3.0,0.0,0.0,1.0,12.0,28.0,0.0,3.0,8.0,1.0,2.0,36.0,1.0,6.0,0.0,0.0,27.0,0.0,8.0,0.0,1.0,0.0,2.0,10.0,4.0,1.0,1.0,6.0,20.0,0.0,4.0,0.0,1.0,1.0,0.0,0.0,0.0,0.0,0.0,0.0,2.0,1.0,62.0,0.0,1.0,0.0,1.0,0.0,5.0,5.0,2.0,6.0,0.0,7.0,0.0,0.0,0.0,4.0,1.0,0.0,26.0,1.0,1.0,0.0,12.0,1.0,0.0,0.0,37.0,2.0,12.0,16.0,0.0,0.0,4.0,0.0,7.0,12.0,14.0,0.0,0.0,0.0,10.0,2.0,0.0,35.0,2.0,1.0,1.0,5.0,0.0,27.0,3.0,5.0,0.0,1.0,0.0,0.0,9.0,0.0,0.0,4.0,1.0,8.0,1.0,0.0,8.0,3.0,0.0,1.0,1.0
9.0,19.0,1.0,11.0,2.0,2.0,28.0,1.0,2.0,26.0,4.0,15.0,87.0,14.0,12.0,13.0,0.0,61.0,0.0,18.0,7.0,8.0,0.0,1.0,25.0,9.0,21.0,70.0,30.0,95.0,1.0,40.0,3.0,6.0,0.0,2.0,0.0,0.0,2.0,0.0,3.0,3.0,29.0,39.0,21.0,29.0,24.0,2.0,1.0,20.0,23.0,46.0,46.0,0.0,32.0,8.0,0.0,5.0,8.0,37.0,0.0,114.0,7.0,15.0,7.0,41.0,7.0,1.0,3.0,27.0,14.0,23.0,97.0,0.0,3.0,0.0,0.0,21.0,22.0,24.0,1.0,0.0,3.0,21.0,12.0,0.0,184.0,1.0,12.0,7.0,6.0,3.0,13.0,27.0,4.0,0.0,4.0,0.0,0.0,28.0,3.0,0.0,32.0,0.0,6.0,7.0,1.0,36.0,11.0,4.0,0.0,37.0
3.0,3.0,0.0,0.0,0.0,0.0,0.0,0.0,0.0,0.0,0.0,1.0,2.0,0.0,1.0,0.0,0.0,3.0,0.0,0.0,0.0,0.0,0.0,0.0,0.0,0.0,0.0,24.0,1.0,1.0,1.0,6.0,0.0,0.0,0.0,0.0,0.0,0.0,0.0,0.0,0.0,0.0,3.0,0.0,1.0,0.0,0.0,1.0,0.0,0.0,0.0,1.0,4.0,0.0,0.0,1.0,0.0,0.0,0.0,0.0,0.0,3.0,0.0,1.0,1.0,0.0,0.0,0.0,0.0,0.0,0.0,1.0,11.0,0.0,1.0,0.0,0.0,0.0,1.0,0.0,1.0,1.0,0.0,0.0,2.0,0.0,2.0,0.0,0.0,0.0,5.0,0.0,1.0,0.0,0.0,0.0,0.0,0.0,0.0,1.0,0.0,0.0,0.0,1.0,1.0,0.0,0.0,1.0,2.0,0.0,0.0,10.0
14.0,3.0,1.0,0.0,6.0,4.0,24.0,2.0,10.0,79.0,5.0,3.0,42.0,1.0,9.0,2.0,0.0,257.0,0.0,24.0,0.0,39.0,3.0,1.0,11.0,10.0,23.0,60.0,32.0,51.0,1.0,98.0,3.0,1.0,27.0,1.0,0.0,0.0,5.0,0.0,36.0,3.0,18.0,143.0,43.0,6.0,22.0,10.0,0.0,15.0,4.0,17.0,56.0,0.0,27.0,2.0,1.0,11.0,9.0,26.0,0.0,54.0,15.0,0.0,4.0,24.0,0.0,0.0,12.0,37.0,1.0,26.0,123.0,6.0,9.0,3.0,0.0,0.0,29.0,20.0,1.0,21.0,8.0,42.0,2.0,2.0,46.0,1.0,158.0,7.0,22.0,3.0,42.0,33.0,5.0,0.0,0.0,1.0,11.0,110.0,1.0,0.0,8.0,5.0,6.0,2.0,0.0,39.0,14.0,4.0,0.0,55.0
18.0,12.0,3.0,1.0,3.0,8.0,10.0,2.0,3.0,27.0,6.0,9.0,47.0,5.0,11.0,9.0,1.0,106.0,2.0,25.0,0.0,6.0,8.0,3.0,10.0,10.0,21.0,63.0,27.0,53.0,0.0,40.0,4.0,4.0,5.0,7.0,2.0,0.0,9.0,2.0,3.0,6.0,19.0,35.0,17.0,6.0,23.0,5.0,1.0,25.0,4.0,35.0,49.0,2.0,24.0,6.0,4.0,6.0,4.0,16.0,2.0,50.0,4.0,4.0,7.0,34.0,1.0,0.0,7.0,21.0,8.0,13.0,65.0,6.0,8.0,10.0,1.0,80.0,0.0,12.0,1.0,18.0,5.0,51.0,8.0,5.0,865.0,6.0,25.0,11.0,27.0,3.0,13.0,15.0,7.0,5.0,3.0,2.0,3.0,46.0,2.0,1.0,5.0,4.0,111.0,8.0,1.0,25.0,11.0,12.0,1.0,35.0
16.0,12.0,0.0,3.0,1.0,13.0,20.0,0.0,10.0,113.0,11.0,9.0,30.0,19.0,71.0,2.0,1.0,104.0,3.0,19.0,0.0,9.0,7.0,0.0,7.0,30.0,8.0,188.0,31.0,52.0,4.0,26.0,3.0,1.0,0.0,2.0,3.0,0.0,13.0,0.0,0.0,14.0,19.0,37.0,12.0,9.0,6.0,7.0,1.0,28.0,23.0,29.0,75.0,0.0,32.0,2.0,0.0,7.0,9.0,15.0,0.0,27.0,4.0,4.0,1.0,23.0,0.0,0.0,1.0,27.0,8.0,20.0,117.0,0.0,7.0,211.0,3.0,20.0,8.0,0.0,4.0,9.0,19.0,26.0,5.0,0.0,96.0,43.0,28.0,3.0,19.0,3.0,21.0,19.0,9.0,1.0,0.0,1.0,6.0,72.0,3.0,0.0,45.0,0.0,1.0,3.0,1.0,22.0,10.0,0.0,3.0,12.0
27.0,3.0,0.0,0.0,0.0,0.0,6.0,0.0,1.0,1.0,3.0,1.0,7.0,3.0,0.0,0.0,0.0,7.0,0.0,0.0,0.0,2.0,0.0,0.0,2.0,5.0,0.0,21.0,5.0,9.0,0.0,20.0,0.0,0.0,0.0,0.0,0.0,0.0,0.0,0.0,2.0,0.0,4.0,12.0,1.0,0.0,4.0,0.0,0.0,0.0,6.0,0.0,10.0,0.0,3.0,1.0,0.0,0.0,2.0,2.0,0.0,12.0,0.0,1.0,1.0,1.0,0.0,0.0,0.0,4.0,0.0,4.0,14.0,3.0,0.0,4.0,0.0,3.0,1.0,1.0,0.0,0.0,1.0,3.0,1.0,0.0,2.0,0.0,3.0,2.0,3.0,3.0,0.0,5.0,0.0,2.0,0.0,0.0,0.0,4.0,0.0,0.0,0.0,0.0,1.0,0.0,0.0,1.0,1.0,0.0,0.0,1.0
22.0,9.0,5.0,1.0,7.0,10.0,21.0,6.0,27.0,48.0,3.0,6.0,43.0,10.0,27.0,8.0,0.0,109.0,3.0,19.0,0.0,21.0,1.0,3.0,16.0,12.0,86.0,89.0,28.0,60.0,1.0,33.0,0.0,2.0,11.0,1.0,0.0,0.0,5.0,3.0,11.0,12.0,14.0,77.0,151.0,7.0,18.0,8.0,2.0,34.0,4.0,21.0,61.0,3.0,29.0,3.0,2.0,10.0,4.0,38.0,0.0,138.0,3.0,42.0,5.0,26.0,0.0,0.0,4.0,56.0,7.0,23.0,134.0,0.0,12.0,6.0,0.0,44.0,25.0,26.0,0.0,0.0,15.0,58.0,9.0,8.0,91.0,2.0,21.0,8.0,36.0,3.0,25.0,28.0,11.0,0.0,0.0,4.0,8.0,109.0,2.0,0.0,19.0,4.0,17.0,3.0,3.0,19.0,17.0,7.0,5.0,30.0
1.0,2.0,0.0,5.0,0.0,2.0,1.0,1.0,2.0,6.0,0.0,14.0,8.0,5.0,4.0,4.0,0.0,3.0,2.0,4.0,0.0,0.0,1.0,1.0,1.0,1.0,0.0,16.0,11.0,19.0,7.0,10.0,0.0,2.0,0.0,1.0,0.0,0.0,0.0,3.0,4.0,4.0,7.0,8.0,1.0,1.0,55.0,0.0,0.0,13.0,8.0,5.0,92.0,1.0,6.0,9.0,1.0,36.0,0.0,3.0,1.0,64.0,5.0,13.0,1.0,8.0,0.0,0.0,2.0,4.0,2.0,12.0,7.0,0.0,4.0,2.0,0.0,1.0,0.0,11.0,0.0,1.0,0.0,30.0,2.0,0.0,4.0,1.0,3.0,3.0,16.0,0.0,8.0,2.0,4.0,0.0,1.0,0.0,5.0,7.0,5.0,0.0,2.0,1.0,4.0,5.0,1.0,16.0,14.0,0.0,1.0,9.0
58.0,20.0,3.0,0.0,35.0,24.0,25.0,0.0,35.0,108.0,15.0,34.0,71.0,11.0,18.0,21.0,0.0,375.0,5.0,476.0,0.0,29.0,4.0,6.0,12.0,16.0,76.0,318.0,95.0,112.0,13.0,108.0,5.0,14.0,11.0,6.0,0.0,0.0,14.0,1.0,15.0,33.0,52.0,153.0,60.0,26.0,185.0,7.0,16.0,91.0,23.0,127.0,386.0,1.0,79.0,7.0,5.0,20.0,7.0,30.0,4.0,228.0,7.0,9.0,18.0,93.0,0.0,0.0,9.0,187.0,17.0,69.0,331.0,1.0,7.0,18.0,13.0,30.0,21.0,30.0,4.0,40.0,10.0,0.0,139.0,3.0,217.0,10.0,41.0,24.0,61.0,10.0,47.0,66.0,27.0,6.0,4.0,2.0,4.0,272.0,11.0,0.0,19.0,5.0,8.0,20.0,1.0,85.0,19.0,10.0,0.0,189.0
0.0,10.0,0.0,1.0,7.0,4.0,14.0,0.0,3.0,11.0,1.0,4.0,9.0,1.0,1.0,0.0,0.0,302.0,2.0,17.0,0.0,0.0,1.0,2.0,9.0,2.0,6.0,25.0,25.0,32.0,0.0,13.0,0.0,3.0,2.0,0.0,0.0,0.0,0.0,0.0,2.0,12.0,3.0,9.0,5.0,0.0,2.0,1.0,0.0,12.0,19.0,2.0,29.0,1.0,2.0,2.0,2.0,2.0,0.0,2.0,1.0,18.0,1.0,6.0,4.0,4.0,0.0,1.0,5.0,9.0,10.0,31.0,36.0,0.0,1.0,1.0,0.0,0.0,1.0,9.0,1.0,2.0,4.0,45.0,0.0,0.0,16.0,1.0,2.0,3.0,11.0,4.0,11.0,11.0,2.0,0.0,0.0,0.0,30.0,8.0,0.0,0.0,5.0,0.0,22.0,1.0,0.0,8.0,5.0,0.0,0.0,5.0
0.0,0.0,0.0,0.0,0.0,0.0,0.0,0.0,0.0,0.0,0.0,0.0,0.0,0.0,0.0,0.0,0.0,0.0,0.0,0.0,0.0,0.0,0.0,0.0,0.0,0.0,0.0,0.0,0.0,2.0,0.0,0.0,0.0,0.0,0.0,0.0,0.0,0.0,0.0,0.0,1.0,0.0,0.0,0.0,0.0,0.0,0.0,0.0,0.0,0.0,2.0,3.0,2.0,0.0,0.0,0.0,0.0,15.0,0.0,0.0,0.0,0.0,0.0,0.0,0.0,0.0,0.0,0.0,0.0,0.0,0.0,0.0,0.0,0.0,0.0,0.0,0.0,0.0,0.0,0.0,0.0,0.0,0.0,0.0,0.0,0.0,2.0,0.0,0.0,0.0,0.0,0.0,0.0,2.0,0.0,0.0,0.0,0.0,0.0,3.0,0.0,0.0,4.0,0.0,0.0,0.0,0.0,0.0,0.0,2.0,0.0,0.0
63.0,7.0,5.0,5.0,7.0,10.0,89.0,0.0,12.0,54.0,18.0,11.0,161.0,23.0,17.0,5.0,0.0,413.0,3.0,85.0,0.0,11.0,4.0,5.0,8.0,22.0,101.0,191.0,78.0,116.0,5.0,100.0,5.0,3.0,5.0,7.0,0.0,0.0,29.0,0.0,42.0,7.0,47.0,181.0,29.0,18.0,32.0,2.0,0.0,32.0,57.0,76.0,101.0,2.0,70.0,17.0,2.0,33.0,6.0,16.0,1.0,840.0,6.0,5.0,9.0,65.0,0.0,0.0,9.0,211.0,12.0,69.0,248.0,0.0,32.0,66.0,0.0,39.0,18.0,98.0,4.0,34.0,4.0,71.0,14.0,7.0,0.0,7.0,63.0,4.0,65.0,3.0,162.0,59.0,23.0,0.0,18.0,0.0,5.0,130.0,4.0,1.0,68.0,1.0,24.0,16.0,1.0,80.0,9.0,4.0,0.0,35.0
50.0,8.0,0.0,1.0,2.0,30.0,20.0,0.0,25.0,50.0,2.0,6.0,43.0,4.0,3.0,1.0,0.0,179.0,0.0,22.0,0.0,5.0,0.0,1.0,2.0,93.0,33.0,283.0,32.0,54.0,5.0,278.0,0.0,2.0,1.0,1.0,0.0,0.0,4.0,0.0,24.0,13.0,103.0,38.0,15.0,6.0,13.0,0.0,2.0,24.0,4.0,18.0,105.0,0.0,61.0,19.0,0.0,1.0,0.0,7.0,0.0,84.0,2.0,4.0,9.0,36.0,0.0,0.0,3.0,98.0,2.0,14.0,104.0,12.0,7.0,5.0,0.0,29.0,18.0,19.0,7.0,10.0,1.0,40.0,2.0,2.0,45.0,6.0,24.0,70.0,114.0,2.0,11.0,22.0,5.0,20.0,0.0,0.0,0.0,167.0,7.0,0.0,10.0,0.0,3.0,1.0,0.0,43.0,12.0,1.0,0.0,44.0
4.0,2.0,1.0,0.0,2.0,4.0,1.0,0.0,0.0,12.0,3.0,2.0,7.0,7.0,3.0,1.0,0.0,6.0,4.0,4.0,0.0,2.0,5.0,2.0,2.0,2.0,2.0,16.0,3.0,31.0,0.0,10.0,3.0,2.0,0.0,1.0,1.0,0.0,0.0,5.0,3.0,4.0,3.0,7.0,2.0,10.0,3.0,1.0,0.0,21.0,5.0,17.0,17.0,0.0,4.0,2.0,1.0,1.0,3.0,3.0,0.0,15.0,1.0,28.0,0.0,10.0,0.0,1.0,7.0,10.0,3.0,10.0,8.0,2.0,3.0,2.0,0.0,2.0,4.0,2.0,3.0,1.0,0.0,4.0,5.0,0.0,7.0,24.0,0.0,2.0,6.0,2.0,11.0,26.0,0.0,0.0,2.0,1.0,2.0,6.0,0.0,0.0,6.0,6.0,1.0,5.0,0.0,8.0,20.0,7.0,1.0,5.0
33.0,3.0,1.0,0.0,1.0,2.0,3.0,0.0,3.0,21.0,0.0,0.0,22.0,2.0,2.0,2.0,0.0,46.0,0.0,156.0,0.0,10.0,0.0,1.0,2.0,36.0,7.0,336.0,55.0,69.0,49.0,139.0,0.0,2.0,2.0,1.0,0.0,0.0,6.0,0.0,0.0,2.0,8.0,14.0,23.0,3.0,12.0,0.0,0.0,99.0,2.0,19.0,37.0,0.0,9.0,1.0,0.0,3.0,4.0,10.0,0.0,32.0,3.0,24.0,10.0,15.0,0.0,0.0,7.0,38.0,11.0,41.0,73.0,5.0,6.0,3.0,0.0,6.0,25.0,24.0,7.0,3.0,1.0,57.0,3.0,0.0,26.0,0.0,212.0,0.0,62.0,4.0,14.0,12.0,3.0,6.0,0.0,0.0,0.0,10.0,0.0,0.0,15.0,1.0,2.0,1.0,0.0,48.0,9.0,1.0,0.0,22.0
32.0,4.0,6.0,0.0,11.0,13.0,19.0,0.0,4.0,31.0,2.0,3.0,30.0,2.0,12.0,5.0,0.0,83.0,0.0,9.0,0.0,9.0,6.0,0.0,17.0,44.0,41.0,187.0,18.0,56.0,260.0,632.0,0.0,7.0,5.0,1.0,0.0,0.0,2.0,0.0,10.0,18.0,183.0,51.0,6.0,25.0,11.0,1.0,0.0,22.0,40.0,43.0,94.0,0.0,12.0,2.0,4.0,7.0,4.0,21.0,0.0,96.0,4.0,8.0,13.0,15.0,2.0,0.0,12.0,9.0,7.0,22.0,55.0,35.0,3.0,2.0,2.0,3.0,17.0,14.0,104.0,15.0,1.0,39.0,9.0,0.0,24.0,1.0,48.0,44.0,0.0,3.0,13.0,20.0,7.0,16.0,1.0,0.0,1.0,42.0,1.0,0.0,40.0,0.0,7.0,21.0,0.0,26.0,9.0,2.0,0.0,8.0
25.0,10.0,3.0,5.0,10.0,0.0,52.0,0.0,12.0,78.0,9.0,10.0,42.0,11.0,37.0,10.0,0.0,19.0,3.0,6.0,0.0,10.0,3.0,3.0,17.0,2.0,40.0,125.0,28.0,36.0,0.0,17.0,1.0,2.0,27.0,0.0,0.0,0.0,24.0,0.0,5.0,12.0,21.0,74.0,32.0,10.0,2.0,4.0,0.0,10.0,19.0,21.0,50.0,1.0,22.0,4.0,8.0,10.0,3.0,15.0,0.0,35.0,10.0,8.0,16.0,83.0,0.0,0.0,52.0,24.0,2.0,17.0,145.0,7.0,34.0,4.0,3.0,8.0,1.0,10.0,16.0,3.0,1.0,63.0,11.0,3.0,58.0,2.0,2.0,49.0,6.0,0.0,21.0,21.0,6.0,3.0,16.0,0.0,9.0,35.0,11.0,5.0,12.0,6.0,4.0,24.0,1.0,41.0,25.0,11.0,0.0,75.0
8.0,15.0,5.0,0.0,1.0,5.0,8.0,0.0,9.0,99.0,5.0,7.0,32.0,1.0,16.0,6.0,0.0,108.0,0.0,42.0,0.0,5.0,0.0,2.0,19.0,6.0,14.0,75.0,55.0,66.0,5.0,20.0,1.0,1.0,3.0,0.0,0.0,0.0,7.0,0.0,2.0,9.0,35.0,74.0,13.0,6.0,12.0,6.0,0.0,22.0,20.0,14.0,48.0,0.0,16.0,2.0,0.0,95.0,3.0,17.0,0.0,58.0,4.0,55.0,2.0,25.0,0.0,1.0,2.0,12.0,10.0,10.0,65.0,0.0,8.0,15.0,0.0,12.0,9.0,24.0,0.0,46.0,2.0,39.0,5.0,27.0,118.0,0.0,84.0,4.0,12.0,3.0,0.0,29.0,22.0,0.0,0.0,0.0,1.0,88.0,0.0,3.0,10.0,1.0,0.0,1.0,0.0,23.0,11.0,5.0,0.0,29.0
16.0,8.0,0.0,0.0,3.0,10.0,6.0,0.0,7.0,48.0,3.0,8.0,58.0,4.0,3.0,116.0,0.0,190.0,1.0,22.0,3.0,11.0,5.0,0.0,4.0,14.0,29.0,171.0,37.0,31.0,2.0,34.0,0.0,4.0,2.0,1.0,0.0,0.0,18.0,1.0,6.0,10.0,9.0,92.0,18.0,17.0,36.0,1.0,0.0,21.0,1.0,40.0,122.0,0.0,11.0,3.0,4.0,4.0,3.0,23.0,0.0,44.0,8.0,5.0,9.0,55.0,1.0,0.0,9.0,310.0,2.0,33.0,63.0,0.0,11.0,27.0,0.0,41.0,12.0,17.0,41.0,9.0,2.0,40.0,9.0,2.0,368.0,1.0,31.0,11.0,7.0,19.0,39.0,0.0,6.0,0.0,1.0,0.0,0.0,80.0,2.0,0.0,30.0,1.0,4.0,13.0,0.0,66.0,9.0,1.0,0.0,47.0
7.0,42.0,6.0,0.0,8.0,35.0,26.0,1.0,14.0,62.0,2.0,6.0,50.0,10.0,7.0,6.0,1.0,186.0,0.0,81.0,0.0,19.0,9.0,2.0,18.0,14.0,72.0,124.0,34.0,84.0,3.0,74.0,12.0,0.0,14.0,7.0,0.0,0.0,13.0,0.0,9.0,18.0,45.0,43.0,27.0,23.0,30.0,3.0,16.0,52.0,17.0,62.0,105.0,0.0,42.0,8.0,3.0,14.0,14.0,32.0,3.0,79.0,11.0,40.0,5.0,42.0,6.0,0.0,5.0,38.0,11.0,16.0,191.0,1.0,4.0,12.0,0.0,38.0,14.0,39.0,1.0,28.0,5.0,47.0,15.0,3.0,74.0,4.0,73.0,16.0,13.0,13.0,26.0,31.0,0.0,4.0,2.0,0.0,0.0,58.0,2.0,0.0,35.0,0.0,14.0,5.0,2.0,40.0,32.0,13.0,0.0,35.0
0.0,0.0,0.0,0.0,0.0,0.0,0.0,0.0,0.0,0.0,0.0,0.0,2.0,0.0,0.0,0.0,0.0,0.0,0.0,1.0,0.0,0.0,0.0,0.0,0.0,6.0,0.0,0.0,0.0,0.0,0.0,0.0,0.0,0.0,0.0,0.0,0.0,0.0,1.0,0.0,0.0,0.0,1.0,0.0,0.0,0.0,0.0,0.0,0.0,4.0,0.0,0.0,1.0,0.0,0.0,0.0,0.0,0.0,0.0,0.0,0.0,1.0,0.0,0.0,0.0,0.0,0.0,0.0,0.0,0.0,0.0,2.0,0.0,0.0,0.0,0.0,0.0,0.0,0.0,0.0,0.0,0.0,0.0,1.0,0.0,0.0,0.0,0.0,3.0,0.0,1.0,0.0,0.0,0.0,0.0,0.0,0.0,0.0,0.0,0.0,0.0,0.0,0.0,0.0,1.0,0.0,0.0,0.0,0.0,0.0,0.0,0.0
0.0,0.0,0.0,0.0,0.0,0.0,0.0,0.0,0.0,0.0,1.0,0.0,0.0,0.0,0.0,0.0,0.0,0.0,0.0,0.0,0.0,0.0,0.0,0.0,0.0,0.0,2.0,2.0,0.0,0.0,0.0,0.0,0.0,0.0,0.0,0.0,0.0,0.0,0.0,0.0,8.0,0.0,2.0,0.0,0.0,0.0,0.0,0.0,0.0,0.0,1.0,0.0,0.0,0.0,0.0,0.0,0.0,0.0,0.0,0.0,0.0,1.0,0.0,0.0,0.0,8.0,0.0,0.0,1.0,0.0,0.0,0.0,0.0,0.0,0.0,0.0,0.0,0.0,0.0,0.0,0.0,0.0,0.0,1.0,2.0,0.0,0.0,0.0,0.0,0.0,0.0,1.0,0.0,0.0,0.0,0.0,0.0,0.0,1.0,1.0,0.0,0.0,0.0,0.0,0.0,0.0,0.0,0.0,0.0,0.0,0.0,1.0
0.0,2.0,0.0,0.0,0.0,0.0,3.0,0.0,1.0,1.0,0.0,0.0,6.0,0.0,8.0,1.0,0.0,1.0,0.0,1.0,0.0,0.0,2.0,0.0,2.0,0.0,0.0,7.0,3.0,7.0,0.0,2.0,0.0,0.0,0.0,0.0,0.0,0.0,0.0,0.0,0.0,1.0,0.0,1.0,2.0,2.0,2.0,0.0,0.0,3.0,2.0,4.0,4.0,1.0,0.0,0.0,1.0,3.0,2.0,4.0,0.0,2.0,0.0,2.0,1.0,5.0,0.0,0.0,2.0,0.0,0.0,1.0,3.0,0.0,0.0,0.0,0.0,2.0,0.0,2.0,0.0,1.0,0.0,2.0,1.0,0.0,1.0,1.0,0.0,0.0,0.0,0.0,1.0,2.0,0.0,0.0,0.0,0.0,4.0,2.0,1.0,0.0,1.0,0.0,2.0,0.0,0.0,6.0,2.0,1.0,0.0,1.0
1.0,2.0,0.0,0.0,6.0,0.0,0.0,0.0,1.0,19.0,1.0,0.0,1.0,1.0,0.0,3.0,0.0,3.0,0.0,4.0,0.0,0.0,1.0,0.0,4.0,1.0,1.0,9.0,1.0,3.0,5.0,7.0,0.0,0.0,1.0,0.0,0.0,0.0,1.0,0.0,2.0,4.0,3.0,93.0,1.0,5.0,1.0,4.0,0.0,4.0,8.0,12.0,30.0,0.0,5.0,1.0,2.0,2.0,3.0,3.0,0.0,10.0,2.0,2.0,0.0,4.0,0.0,0.0,17.0,4.0,5.0,7.0,11.0,0.0,1.0,0.0,0.0,0.0,3.0,1.0,0.0,2.0,0.0,6.0,100.0,0.0,5.0,1.0,1.0,0.0,2.0,0.0,2.0,0.0,1.0,0.0,0.0,0.0,0.0,4.0,0.0,0.0,0.0,0.0,1.0,2.0,0.0,8.0,3.0,2.0,0.0,7.0
35.0,48.0,0.0,9.0,19.0,17.0,42.0,5.0,355.0,231.0,20.0,23.0,222.0,97.0,37.0,6.0,0.0,978.0,18.0,68.0,0.0,109.0,7.0,3.0,16.0,36.0,307.0,322.0,332.0,422.0,9.0,162.0,9.0,4.0,36.0,14.0,0.0,0.0,44.0,3.0,1.0,87.0,38.0,456.0,270.0,23.0,48.0,13.0,2.0,66.0,28.0,195.0,349.0,2.0,77.0,13.0,0.0,13.0,43.0,117.0,0.0,312.0,47.0,19.0,38.0,87.0,0.0,0.0,8.0,409.0,5.0,158.0,426.0,3.0,7.0,29.0,2.0,188.0,57.0,79.0,6.0,188.0,15.0,191.0,15.0,320.0,319.0,14.0,214.0,116.0,80.0,9.0,101.0,135.0,32.0,6.0,3.0,2.0,2.0,0.0,14.0,0.0,60.0,15.0,16.0,19.0,0.0,75.0,36.0,39.0,3.0,132.0
1.0,3.0,1.0,4.0,1.0,0.0,0.0,0.0,3.0,6.0,1.0,0.0,8.0,13.0,13.0,2.0,0.0,11.0,1.0,5.0,0.0,1.0,7.0,20.0,2.0,4.0,8.0,12.0,3.0,12.0,6.0,5.0,0.0,1.0,0.0,1.0,0.0,0.0,16.0,15.0,1.0,6.0,17.0,6.0,3.0,21.0,3.0,1.0,1.0,12.0,8.0,34.0,15.0,0.0,6.0,17.0,2.0,19.0,2.0,5.0,0.0,92.0,2.0,2.0,0.0,10.0,0.0,0.0,2.0,24.0,1.0,11.0,7.0,0.0,3.0,2.0,0.0,2.0,0.0,4.0,1.0,0.0,6.0,9.0,7.0,0.0,9.0,4.0,13.0,1.0,5.0,0.0,11.0,2.0,4.0,0.0,1.0,0.0,1.0,19.0,0.0,0.0,0.0,0.0,6.0,1.0,0.0,8.0,22.0,0.0,0.0,7.0
0.0,0.0,0.0,0.0,0.0,0.0,0.0,0.0,0.0,0.0,0.0,0.0,0.0,0.0,0.0,0.0,0.0,0.0,0.0,0.0,0.0,0.0,0.0,0.0,0.0,0.0,0.0,0.0,0.0,0.0,0.0,0.0,0.0,0.0,0.0,0.0,0.0,0.0,0.0,0.0,0.0,0.0,0.0,0.0,0.0,0.0,0.0,0.0,0.0,0.0,0.0,0.0,0.0,0.0,0.0,0.0,0.0,0.0,0.0,0.0,0.0,0.0,0.0,0.0,0.0,0.0,0.0,0.0,0.0,0.0,0.0,0.0,0.0,0.0,0.0,0.0,0.0,0.0,0.0,0.0,0.0,0.0,0.0,0.0,0.0,0.0,0.0,0.0,0.0,0.0,0.0,0.0,0.0,0.0,0.0,0.0,0.0,0.0,0.0,0.0,0.0,0.0,0.0,0.0,0.0,0.0,0.0,0.0,0.0,0.0,0.0,0.0
12.0,6.0,19.0,0.0,1.0,12.0,7.0,0.0,1.0,22.0,0.0,5.0,29.0,2.0,5.0,1.0,0.0,89.0,2.0,9.0,0.0,2.0,1.0,1.0,3.0,15.0,43.0,43.0,27.0,73.0,3.0,17.0,1.0,2.0,5.0,2.0,0.0,0.0,8.0,0.0,0.0,53.0,11.0,42.0,17.0,9.0,32.0,0.0,0.0,11.0,6.0,36.0,51.0,0.0,16.0,1.0,0.0,4.0,2.0,9.0,3.0,27.0,6.0,11.0,1.0,37.0,0.0,0.0,1.0,26.0,7.0,20.0,103.0,0.0,7.0,3.0,0.0,2.0,11.0,63.0,0.0,4.0,3.0,30.0,0.0,1.0,123.0,0.0,9.0,8.0,8.0,1.0,12.0,19.0,7.0,0.0,1.0,0.0,0.0,35.0,1.0,0.0,0.0,1.0,6.0,7.0,0.0,21.0,19.0,6.0,0.0,26.0
48.0,3.0,7.0,6.0,0.0,1.0,1.0,1.0,6.0,5.0,2.0,5.0,10.0,3.0,5.0,9.0,0.0,10.0,0.0,8.0,0.0,3.0,2.0,0.0,1.0,1.0,4.0,19.0,10.0,18.0,0.0,7.0,0.0,1.0,3.0,4.0,0.0,0.0,1.0,2.0,2.0,0.0,7.0,32.0,6.0,1.0,10.0,2.0,0.0,6.0,0.0,6.0,13.0,0.0,1.0,0.0,5.0,6.0,8.0,33.0,0.0,57.0,4.0,3.0,8.0,7.0,0.0,0.0,0.0,5.0,8.0,17.0,21.0,0.0,3.0,1.0,0.0,7.0,0.0,3.0,1.0,1.0,3.0,10.0,0.0,3.0,6.0,1.0,4.0,7.0,2.0,4.0,4.0,9.0,3.0,0.0,3.0,0.0,2.0,30.0,0.0,0.0,2.0,0.0,0.0,1.0,0.0,12.0,18.0,4.0,0.0,8.0
12.0,16.0,3.0,3.0,18.0,12.0,10.0,2.0,6.0,28.0,107.0,9.0,32.0,8.0,6.0,18.0,0.0,19.0,3.0,6.0,0.0,5.0,9.0,9.0,17.0,7.0,8.0,66.0,24.0,38.0,1.0,30.0,3.0,2.0,3.0,9.0,0.0,0.0,2.0,5.0,3.0,26.0,24.0,31.0,7.0,7.0,21.0,1.0,1.0,15.0,15.0,19.0,54.0,2.0,23.0,4.0,4.0,15.0,12.0,7.0,2.0,29.0,5.0,5.0,10.0,26.0,0.0,0.0,28.0,18.0,9.0,19.0,31.0,3.0,9.0,2.0,2.0,17.0,234.0,34.0,3.0,1.0,2.0,28.0,5.0,2.0,21.0,4.0,14.0,11.0,15.0,8.0,11.0,16.0,10.0,2.0,2.0,1.0,2.0,50.0,5.0,1.0,7.0,2.0,0.0,7.0,0.0,19.0,16.0,1.0,0.0,17.0
6.0,8.0,2.0,16.0,1.0,1.0,278.0,18.0,0.0,16.0,7.0,2.0,75.0,4.0,3.0,14.0,0.0,25.0,2.0,15.0,0.0,2.0,1.0,0.0,4.0,6.0,5.0,27.0,15.0,38.0,2.0,13.0,2.0,4.0,2.0,2.0,0.0,0.0,3.0,0.0,56.0,15.0,6.0,18.0,2.0,7.0,15.0,4.0,1.0,25.0,8.0,62.0,33.0,1.0,6.0,1.0,1.0,9.0,6.0,7.0,0.0,17.0,6.0,6.0,7.0,9.0,0.0,0.0,5.0,9.0,6.0,19.0,11.0,0.0,12.0,4.0,1.0,1.0,2.0,5.0,2.0,0.0,3.0,17.0,8.0,0.0,36.0,10.0,2.0,0.0,11.0,2.0,12.0,9.0,1.0,0.0,4.0,0.0,3.0,15.0,1.0,1.0,6.0,3.0,4.0,0.0,7.0,10.0,2.0,6.0,1.0,8.0
0.0,3.0,1.0,4.0,0.0,1.0,2.0,0.0,2.0,0.0,4.0,1.0,0.0,1.0,2.0,3.0,0.0,6.0,0.0,19.0,0.0,0.0,0.0,0.0,0.0,0.0,0.0,1.0,3.0,12.0,3.0,1.0,1.0,2.0,0.0,1.0,0.0,0.0,2.0,0.0,1.0,0.0,0.0,0.0,0.0,3.0,2.0,0.0,0.0,3.0,2.0,7.0,2.0,0.0,0.0,0.0,1.0,2.0,0.0,3.0,0.0,3.0,0.0,0.0,0.0,1.0,2.0,0.0,1.0,4.0,3.0,7.0,6.0,0.0,1.0,3.0,1.0,0.0,0.0,1.0,0.0,0.0,1.0,5.0,7.0,0.0,5.0,1.0,0.0,0.0,8.0,1.0,1.0,2.0,1.0,0.0,0.0,0.0,5.0,1.0,1.0,0.0,0.0,0.0,2.0,2.0,0.0,3.0,6.0,2.0,0.0,7.0
21.0,20.0,6.0,2.0,25.0,7.0,40.0,2.0,31.0,156.0,3.0,5.0,121.0,33.0,5.0,10.0,1.0,273.0,2.0,44.0,0.0,15.0,105.0,6.0,19.0,20.0,72.0,190.0,107.0,200.0,7.0,141.0,4.0,7.0,10.0,5.0,5.0,1.0,6.0,1.0,3.0,17.0,101.0,160.0,21.0,15.0,54.0,2.0,0.0,45.0,58.0,144.0,195.0,4.0,67.0,5.0,2.0,23.0,7.0,47.0,8.0,170.0,6.0,8.0,4.0,66.0,2.0,3.0,6.0,105.0,32.0,56.0,301.0,1.0,17.0,10.0,3.0,52.0,22.0,33.0,9.0,5.0,4.0,80.0,31.0,0.0,191.0,18.0,195.0,10.0,83.0,4.0,64.0,104.0,66.0,2.0,2.0,0.0,27.0,74.0,6.0,0.0,39.0,1.0,47.0,7.0,2.0,0.0,28.0,2.0,9.0,87.0
70.0,31.0,31.0,15.0,21.0,20.0,50.0,4.0,21.0,78.0,6.0,47.0,37.0,24.0,38.0,7.0,2.0,132.0,4.0,32.0,1.0,35.0,5.0,8.0,39.0,24.0,67.0,230.0,44.0,63.0,4.0,57.0,8.0,4.0,17.0,5.0,6.0,0.0,9.0,4.0,37.0,30.0,56.0,99.0,17.0,15.0,22.0,43.0,11.0,86.0,4.0,67.0,50.0,10.0,26.0,46.0,10.0,30.0,13.0,6.0,5.0,130.0,36.0,19.0,75.0,65.0,4.0,2.0,14.0,39.0,30.0,33.0,157.0,8.0,35.0,22.0,4.0,27.0,20.0,32.0,5.0,14.0,18.0,61.0,42.0,11.0,67.0,64.0,60.0,25.0,17.0,29.0,53.0,17.0,41.0,6.0,10.0,4.0,5.0,62.0,8.0,5.0,40.0,17.0,15.0,13.0,4.0,90.0,0.0,26.0,6.0,46.0
0.0,0.0,0.0,0.0,1.0,0.0,0.0,0.0,5.0,14.0,8.0,6.0,3.0,8.0,5.0,0.0,0.0,15.0,0.0,10.0,0.0,2.0,4.0,0.0,0.0,0.0,0.0,14.0,9.0,13.0,1.0,10.0,1.0,0.0,11.0,1.0,0.0,0.0,0.0,2.0,2.0,1.0,5.0,13.0,16.0,8.0,16.0,21.0,0.0,8.0,15.0,34.0,17.0,0.0,38.0,9.0,10.0,20.0,4.0,17.0,0.0,17.0,3.0,7.0,2.0,10.0,0.0,0.0,2.0,2.0,1.0,8.0,35.0,0.0,3.0,14.0,0.0,5.0,0.0,8.0,2.0,6.0,1.0,6.0,0.0,2.0,28.0,4.0,0.0,0.0,6.0,2.0,0.0,4.0,1.0,0.0,0.0,0.0,0.0,24.0,0.0,0.0,1.0,6.0,5.0,15.0,0.0,20.0,2.0,0.0,4.0,18.0
0.0,0.0,3.0,0.0,3.0,1.0,1.0,0.0,2.0,6.0,15.0,0.0,2.0,7.0,1.0,0.0,0.0,1.0,2.0,1.0,0.0,0.0,5.0,0.0,3.0,0.0,2.0,2.0,1.0,5.0,0.0,2.0,0.0,2.0,0.0,0.0,2.0,0.0,5.0,0.0,1.0,1.0,2.0,2.0,1.0,3.0,0.0,4.0,0.0,0.0,19.0,5.0,8.0,0.0,4.0,0.0,0.0,3.0,0.0,0.0,1.0,7.0,0.0,4.0,1.0,2.0,0.0,0.0,3.0,1.0,0.0,5.0,1.0,0.0,1.0,0.0,0.0,0.0,2.0,8.0,1.0,0.0,1.0,0.0,2.0,0.0,6.0,4.0,0.0,1.0,2.0,1.0,2.0,3.0,3.0,0.0,2.0,0.0,4.0,0.0,1.0,0.0,1.0,0.0,2.0,4.0,0.0,6.0,6.0,0.0,0.0,0.0
71.0,25.0,2.0,0.0,6.0,13.0,30.0,4.0,49.0,367.0,26.0,32.0,132.0,7.0,19.0,10.0,0.0,383.0,3.0,44.0,0.0,25.0,0.0,3.0,14.0,32.0,168.0,170.0,76.0,134.0,9.0,183.0,4.0,0.0,8.0,4.0,0.0,0.0,18.0,0.0,12.0,96.0,52.0,108.0,63.0,13.0,85.0,2.0,2.0,64.0,16.0,53.0,247.0,3.0,76.0,7.0,8.0,14.0,14.0,59.0,2.0,112.0,9.0,20.0,15.0,113.0,0.0,3.0,16.0,74.0,24.0,49.0,260.0,5.0,8.0,9.0,3.0,35.0,12.0,30.0,72.0,23.0,27.0,165.0,22.0,5.0,406.0,4.0,213.0,20.0,21.0,8.0,46.0,40.0,16.0,0.0,13.0,0.0,2.0,227.0,4.0,0.0,47.0,4.0,17.0,14.0,6.0,84.0,15.0,4.0,4.0,0.0
