activity_comment,activity_id,activity_properties,assay_chembl_id,assay_description,assay_type,assay_variant_accession,assay_variant_mutation,bao_endpoint,bao_format,bao_label,canonical_smiles,data_validity_comment,data_validity_description,document_chembl_id,document_journal,document_year,ligand_efficiency,molecule_chembl_id,molecule_pref_name,parent_molecule_chembl_id,pchembl_value,potential_duplicate,qudt_units,record_id,relation,src_id,standard_flag,standard_relation,standard_text_value,standard_type,standard_units,standard_upper_value,standard_value,target_chembl_id,target_organism,target_pref_name,target_tax_id,text_value,toid,type,units,uo_units,upper_value,value
,12183806,[],CHEMBL2214455,Inhibition of TAOK2,B,,,BAO_0000190,BAO_0000357,single protein format,CC(C)(C)NS(=O)(=O)c1cncc(-c2ccn3nc(N)nc3c2)c1,,,CHEMBL2203257,Bioorg. Med. Chem. Lett.,2012.0,,CHEMBL2205766,,CHEMBL2205766,,False,http://www.openphacts.org/units/Nanomolar,1759115,<,1,True,>,,IC50,nM,,10000.0,CHEMBL1075195,Homo sapiens,Serine/threonine-protein kinase TAO2,9606,,,pIC50,,UO_0000065,,5.0
,16413521,[],CHEMBL3743938,Inhibition of TAOK2 (unknown origin),B,,,BAO_0000190,BAO_0000357,single protein format,O=C(O)C1CN(Cc2ccc(OCc3ccc(Cl)c(Cl)c3)cc2)C1,,,CHEMBL3739276,J. Med. Chem.,2015.0,,CHEMBL3741589,,CHEMBL3741589,,False,http://www.openphacts.org/units/Nanomolar,2738383,>,1,True,>,,IC50,nM,,10000.0,CHEMBL1075195,Homo sapiens,Serine/threonine-protein kinase TAO2,9606,,,IC50,uM,UO_0000065,,10.0
,16432023,[],CHEMBL3750177,Inhibition of human TAOK2 using MBP substrate,B,,,BAO_0000190,BAO_0000357,single protein format,Cn1c(=O)c(S(=O)(=O)c2ccc(F)cc2F)cc2cnc(Nc3ccc4[nH]ccc4c3)nc21,,,CHEMBL3745707,Bioorg. Med. Chem.,2016.0,,CHEMBL3745885,,CHEMBL3745885,,False,http://www.openphacts.org/units/Nanomolar,2741358,>,1,True,>,,IC50,nM,,10000.0,CHEMBL1075195,Homo sapiens,Serine/threonine-protein kinase TAO2,9606,,,IC50,uM,UO_0000065,,10.0
,16837471,[],CHEMBL3876131,Inhibition of human recombinant GST-tagged TAOK2 cytoplasmic domain (1 to 314 residues) expressed in baculovirus expression system,B,,,BAO_0000190,BAO_0000019,assay format,CC1(C)C(=O)N([C@H]2CCc3c(O)cccc32)c2nc(Nc3ccccc3)ncc21,,,CHEMBL3875183,Bioorg Med Chem Lett,2017.0,"{'bei': '12.94', 'le': '0.24', 'lle': '0.76', 'sei': '6.38'}",CHEMBL3884319,,CHEMBL3884319,5.00,False,http://www.openphacts.org/units/Nanomolar,2815468,=,1,True,=,,IC50,nM,,10000.0,CHEMBL1075195,Homo sapiens,Serine/threonine-protein kinase TAO2,9606,,,IC50,nM,UO_0000065,,10000.0
412051,17776766,[],CHEMBL3888694,"Mobility Shift Assay: Agents: 1-fold kinase buffer without MnCl2: 50 mM HEPES, pH 7.5, 0.0015% Brij-35, 10 mM MgCl2, 2 mM DTT. 1-fold kinase buffer with MnCl2: 50 mM HEPES, pH 7.5, 0.0015% Brij-35, 10 mM MgCl2, 10 mM MnCl2, 2 mM DTT. Termination solution: 100 mM HEPES, pH 7.5, 0.0015% Brij-35, 0.2% Coating Reagent#3, 50 mM EDTA. 2.5-fold kinase solution: The kinase was added to the 1-fold kinase buffer to form a 2.5-fold kinase solution. 2.5-fold substrate solution: FAM fluorescence-labelled polypeptide and ATP were added to the 1-fold kinase buffer to form a 2.5-fold substrate solution. Compounds: The final test concentration of the compound was 10 μM at maximum. Firstly, a 50-fold concentration (i.e. 500 μM) was prepared with 100% DMSO. The compound was diluted with 100% DMSO by 5 folds at 5 concentrations (successively 500 μM, 100 μM, 20 μM, 4 μM, and 0.8 μM). After diluting with 1-fold kinase buffer by 10 folds, 5 μl of the samples were transferred to a 384-well reaction plate. Two negative control wells and two positive control wells were set at each line respectively. Replication was made in a 96-well plate in five concentrations of 5-fold compound. 10% DMSO was added to the positive control well, and 5 μl of EDTA (250 mM) was added to the negative control well. Procedure: To the 384-well reaction plate was added 5-fold compound dissolved in 10% DMSO at 5 μl/well. To the 384-well reaction plate was added 2.5-fold kinase solution at 10 Î¼l/well. The plate was incubated at room temperature for 10 mins. To the 384-well reaction plate was added 2.5-fold substrate solution at 10 μl/well. The plate was incubated at 28° C. for a certain period. 25 μl termination solution was added to terminate the reaction.",B,,,BAO_0000190,BAO_0000357,single protein format,Nc1ccc(-c2ccc3ncc4c(=O)[nH]c(=O)n(-c5cccc(C(F)(F)F)c5)c4c3n2)cn1,,,CHEMBL3886794,,2016.0,,CHEMBL3903725,,CHEMBL3903725,,False,http://www.openphacts.org/units/Nanomolar,2886096,>,37,True,>,,IC50,nM,,10000.0,CHEMBL1075195,Homo sapiens,Serine/threonine-protein kinase TAO2,9606,,,IC50,nM,UO_0000065,,10000.0
,18031875,[],CHEMBL4007749,Inhibition of TAOK2 (unknown origin) after 60 mins by TR-FRET assay,B,,,BAO_0000190,BAO_0000357,single protein format,CCCNC(=O)c1ccc(Nc2nc(NCC(F)(F)F)c3cc[nH]c3n2)cc1,,,CHEMBL4007384,Bioorg Med Chem Lett,2016.0,"{'bei': '16.00', 'le': '0.31', 'lle': '2.46', 'sei': '6.63'}",CHEMBL2006765,,CHEMBL2006765,6.28,False,http://www.openphacts.org/units/Nanomolar,2987731,=,1,True,=,,IC50,nM,,529.0,CHEMBL1075195,Homo sapiens,Serine/threonine-protein kinase TAO2,9606,,,IC50,uM,UO_0000065,,0.529
,18031876,[],CHEMBL4007749,Inhibition of TAOK2 (unknown origin) after 60 mins by TR-FRET assay,B,,,BAO_0000190,BAO_0000357,single protein format,FC(F)(F)CNc1nc(Nc2ccc(N3CCOCC3)c(Cl)c2)nc2ccoc12,,,CHEMBL4007384,Bioorg Med Chem Lett,2016.0,,CHEMBL4078893,,CHEMBL4078893,,False,http://www.openphacts.org/units/Nanomolar,2987733,>,1,True,>,,IC50,nM,,10000.0,CHEMBL1075195,Homo sapiens,Serine/threonine-protein kinase TAO2,9606,,,IC50,uM,UO_0000065,,10.0
,18031877,[],CHEMBL4007749,Inhibition of TAOK2 (unknown origin) after 60 mins by TR-FRET assay,B,,,BAO_0000190,BAO_0000357,single protein format,FC(F)(F)CNc1nc(Nc2ccc3cn[nH]c3c2)nc2ccoc12,,,CHEMBL4007384,Bioorg Med Chem Lett,2016.0,,CHEMBL4066664,,CHEMBL4066664,,False,http://www.openphacts.org/units/Nanomolar,2987734,>,1,True,>,,IC50,nM,,10000.0,CHEMBL1075195,Homo sapiens,Serine/threonine-protein kinase TAO2,9606,,,IC50,uM,UO_0000065,,10.0
,18031878,[],CHEMBL4007749,Inhibition of TAOK2 (unknown origin) after 60 mins by TR-FRET assay,B,,,BAO_0000190,BAO_0000357,single protein format,CC1(C)OCC(=O)Nc2cc(Nc3nc(NCC(F)(F)F)c4occc4n3)ccc21,,,CHEMBL4007384,Bioorg Med Chem Lett,2016.0,"{'bei': '12.03', 'le': '0.23', 'lle': '0.93', 'sei': '5.00'}",CHEMBL4069365,,CHEMBL4069365,5.07,False,http://www.openphacts.org/units/Nanomolar,2987739,=,1,True,=,,IC50,nM,,8520.0,CHEMBL1075195,Homo sapiens,Serine/threonine-protein kinase TAO2,9606,,,IC50,uM,UO_0000065,,8.52
,18031879,[],CHEMBL4007749,Inhibition of TAOK2 (unknown origin) after 60 mins by TR-FRET assay,B,,,BAO_0000190,BAO_0000357,single protein format,Cc1n[nH]c2cc(Nc3nc(NC4CC4)c4occc4n3)ccc12,,,CHEMBL4007384,Bioorg Med Chem Lett,2016.0,,CHEMBL4062803,,CHEMBL4062803,,False,http://www.openphacts.org/units/Nanomolar,2987745,>,1,True,>,,IC50,nM,,10000.0,CHEMBL1075195,Homo sapiens,Serine/threonine-protein kinase TAO2,9606,,,IC50,uM,UO_0000065,,10.0
,18064292,[],CHEMBL4013847,Inhibition of human TAOK2 preincubated for 15 mins followed by peptide substrate addition measured after 3 hrs by caliper capillary electrophoresis method,B,,,BAO_0000190,BAO_0000357,single protein format,C=CC(=O)N1CCN(CCCn2c(=O)c(-c3c(Cl)c(OC)cc(OC)c3Cl)cc3cnc(NC)nc32)CC1,,,CHEMBL4011651,J Med Chem,2017.0,"{'bei': '10.56', 'le': '0.21', 'lle': '2.39', 'sei': '5.82'}",CHEMBL4068509,,CHEMBL4068509,5.93,False,http://www.openphacts.org/units/Nanomolar,2994015,=,1,True,=,,IC50,nM,,1175.0,CHEMBL1075195,Homo sapiens,Serine/threonine-protein kinase TAO2,9606,,,IC50,nM,UO_0000065,,1175.0
,18112097,[],CHEMBL4024291,Inhibition of recombinant human N-terminal His6-tagged TAO2 expressed in sf21 cells,B,,,BAO_0000190,BAO_0000219,cell-based format,CN(C)C(=O)c1cc2cnc(Nc3ccc(NC(=O)CCCCCCC(=O)NO)cc3)nc2n1C1CCCC1,,,CHEMBL4020842,J Med Chem,2018.0,"{'bei': '13.21', 'le': '0.25', 'lle': '2.30', 'sei': '5.00'}",CHEMBL4063500,,CHEMBL4063500,7.08,False,http://www.openphacts.org/units/Nanomolar,3003458,=,1,True,=,,IC50,nM,,84.0,CHEMBL1075195,Homo sapiens,Serine/threonine-protein kinase TAO2,9606,,,IC50,uM,UO_0000065,,0.084
,18725411,[],CHEMBL4259108,Inhibition of TAOK2 (unknown origin),B,,,BAO_0000190,BAO_0000357,single protein format,CC(=O)n1nc(C)c(-c2ccc(Cl)c(Cl)c2)c1N,,,CHEMBL4257503,MedChemComm,2018.0,,CHEMBL4276946,,CHEMBL4276946,,False,http://www.openphacts.org/units/Nanomolar,3110948,>,1,True,>,,IC50,nM,,100000.0,CHEMBL1075195,Homo sapiens,Serine/threonine-protein kinase TAO2,9606,,,IC50,uM,UO_0000065,,100.0
,18939129,[],CHEMBL4328626,Inhibition of human TAOK2 using MBP as substrate by [gamma-33P]-ATP assay,B,,,BAO_0000190,BAO_0000357,single protein format,CN[C@@H]1C[C@H]2O[C@@](C)([C@@H]1OC)n1c3ccccc3c3c4c(c5c6ccccc6n2c5c31)C(=O)NC4,,,CHEMBL4325871,Eur J Med Chem,2019.0,"{'bei': '17.00', 'le': '0.31', 'lle': '3.58', 'sei': '11.42'}",CHEMBL388978,STAUROSPORINE,CHEMBL388978,7.93,False,http://www.openphacts.org/units/Nanomolar,3159540,=,1,True,=,,IC50,nM,,11.7,CHEMBL1075195,Homo sapiens,Serine/threonine-protein kinase TAO2,9606,,,IC50,10'-8M,UO_0000065,,1.17
,19148060,[],CHEMBL4379456,Inhibition of recombinant human TAO2 (1 to 320 residues) using myelin basic protein as substrate incubated for 40 mins in presence of [gamma33P]ATP by radiometric scintillation counting analysis,B,,,BAO_0000190,BAO_0000357,single protein format,CN(C)c1ccc(C(=O)Nc2cccc(NC(=O)COc3ccc4c(=O)ccoc4c3)c2)cc1,,,CHEMBL4376834,J Med Chem,2019.0,,CHEMBL4438748,,CHEMBL4438748,,False,http://www.openphacts.org/units/Nanomolar,3195750,>,1,True,>,,IC50,nM,,10000.0,CHEMBL1075195,Homo sapiens,Serine/threonine-protein kinase TAO2,9606,,,IC50,uM,UO_0000065,,10.0
,19476636,[],CHEMBL4479784,Inhibition of recombinant human GST-tagged TAOK2 catalytic domain expressed in baculovirus expression system by Z'-LYTE assay,B,,,BAO_0000190,BAO_0000019,assay format,O=C(NCC(F)(F)F)c1cc(-c2cnn3cc(-c4ccc(OCCN5CCCCC5)cc4)cnc23)cs1,,,CHEMBL4477252,Bioorg Med Chem Lett,2016.0,"{'bei': '10.51', 'le': '0.21', 'lle': '0.29', 'sei': '7.76'}",CHEMBL4569508,,CHEMBL4569508,5.57,False,http://www.openphacts.org/units/Nanomolar,3256955,=,1,True,=,,IC50,nM,,2700.0,CHEMBL1075195,Homo sapiens,Serine/threonine-protein kinase TAO2,9606,,,IC50,nM,UO_0000065,,2700.0
,19476736,[],CHEMBL4479784,Inhibition of recombinant human GST-tagged TAOK2 catalytic domain expressed in baculovirus expression system by Z'-LYTE assay,B,,,BAO_0000190,BAO_0000019,assay format,Cn1cc(-c2cnc3c(-c4csc(C(=O)NCC(F)(F)F)c4)cnn3c2)cn1,,,CHEMBL4477252,Bioorg Med Chem Lett,2016.0,"{'bei': '11.32', 'le': '0.22', 'lle': '1.45', 'sei': '5.97'}",CHEMBL4550702,,CHEMBL4550702,4.60,False,http://www.openphacts.org/units/Nanomolar,3256963,=,1,True,=,,IC50,nM,,25000.0,CHEMBL1075195,Homo sapiens,Serine/threonine-protein kinase TAO2,9606,,,IC50,nM,UO_0000065,,25000.0
,19476836,[],CHEMBL4479784,Inhibition of recombinant human GST-tagged TAOK2 catalytic domain expressed in baculovirus expression system by Z'-LYTE assay,B,,,BAO_0000190,BAO_0000019,assay format,Cn1cc(-c2cnc3c(-c4csc(C(=O)N[C@@H]5CCCC[C@@H]5N)c4)cnn3c2)cn1,,,CHEMBL4477252,Bioorg Med Chem Lett,2016.0,"{'bei': '15.13', 'le': '0.29', 'lle': '3.52', 'sei': '6.18'}",CHEMBL4568087,,CHEMBL4568087,6.38,False,http://www.openphacts.org/units/Nanomolar,3256973,=,1,True,=,,IC50,nM,,420.0,CHEMBL1075195,Homo sapiens,Serine/threonine-protein kinase TAO2,9606,,,IC50,nM,UO_0000065,,420.0
,19476936,[],CHEMBL4479784,Inhibition of recombinant human GST-tagged TAOK2 catalytic domain expressed in baculovirus expression system by Z'-LYTE assay,B,,,BAO_0000190,BAO_0000019,assay format,Cc1sc(C(=O)N[C@@H]2[C@H](N)CCCC2(F)F)cc1-c1cnn2cc(Cl)cnc12,,,CHEMBL4477252,Bioorg Med Chem Lett,2016.0,"{'bei': '11.64', 'le': '0.24', 'lle': '1.30', 'sei': '5.81'}",CHEMBL4552628,,CHEMBL4552628,4.96,False,http://www.openphacts.org/units/Nanomolar,3256981,=,1,True,=,,IC50,nM,,11000.0,CHEMBL1075195,Homo sapiens,Serine/threonine-protein kinase TAO2,9606,,,IC50,nM,UO_0000065,,11000.0
,20143572,"[{'comments': None, 'relation': None, 'result_flag': 0, 'standard_relation': None, 'standard_text_value': None, 'standard_type': 'Compound concentration', 'standard_units': 'uM', 'standard_value': '1.0', 'text_value': None, 'type': 'Compound concentration', 'units': 'uM', 'value': '1.0'}]",CHEMBL4512395,TAO2(TAO2LGF1) Takeda global kinase panel,B,,,BAO_0000190,BAO_0000357,single protein format,CN1C(=O)[C@@H](N2CCc3c(nn(Cc4ccccc4)c3Br)C2=O)COc2ccccc21,,,CHEMBL4507326,,,"{'bei': '12.46', 'le': '0.26', 'lle': '2.88', 'sei': '8.87'}",CHEMBL4549667,,CHEMBL4549667,6.00,False,http://www.openphacts.org/units/Nanomolar,3359780,=,54,True,=,,IC50,nM,,1000.0,CHEMBL1075195,Homo sapiens,Serine/threonine-protein kinase TAO2,9606,,,pIC50,,UO_0000065,,6.0
,20143934,"[{'comments': None, 'relation': None, 'result_flag': 0, 'standard_relation': None, 'standard_text_value': None, 'standard_type': 'Compound concentration', 'standard_units': 'uM', 'standard_value': '1.0', 'text_value': None, 'type': 'Compound concentration', 'units': 'uM', 'value': '1.0'}]",CHEMBL4512682,TAO2(TAO2LGF1) Takeda global kinase panel,B,,,BAO_0000190,BAO_0000357,single protein format,CN1C(=O)[C@@H](N2CCc3cn(Cc4ccccc4)nc3C2=O)COc2ccccc21,,,CHEMBL4507327,,,"{'bei': '14.91', 'le': '0.27', 'lle': '3.65', 'sei': '8.87'}",CHEMBL4088216,,CHEMBL4088216,6.00,False,http://www.openphacts.org/units/Nanomolar,3359782,=,54,True,=,,IC50,nM,,1000.0,CHEMBL1075195,Homo sapiens,Serine/threonine-protein kinase TAO2,9606,,,pIC50,,UO_0000065,,6.0
,20144288,"[{'comments': None, 'relation': None, 'result_flag': 0, 'standard_relation': None, 'standard_text_value': None, 'standard_type': 'Compound concentration', 'standard_units': 'uM', 'standard_value': '1.0', 'text_value': None, 'type': 'Compound concentration', 'units': 'uM', 'value': '1.0'}]",CHEMBL4512962,TAO2(TAO2LGF1) Takeda global kinase panel,B,,,BAO_0000190,BAO_0000357,single protein format,CN1C(=O)[C@@H](N2CCc3cn(CC4CCS(=O)(=O)CC4)nc3C2=O)COc2ccccc21,,,CHEMBL4507326,,,"{'bei': '13.09', 'le': '0.26', 'lle': '4.87', 'sei': '5.89'}",CHEMBL4097778,,CHEMBL4097778,6.00,False,http://www.openphacts.org/units/Nanomolar,3359781,=,54,True,=,,IC50,nM,,1000.0,CHEMBL1075195,Homo sapiens,Serine/threonine-protein kinase TAO2,9606,,,pIC50,,UO_0000065,,6.0
