molecule_chembl_id,canonical_smiles,standard_value,MolLogP,MolWt,NumRotatableBonds,HBD,HBA,bioactivities
CHEMBL2205766,CC(C)(C)NS(=O)(=O)c1cncc(-c2ccn3nc(N)nc3c2)c1,10000.0,1.4502999999999997,346.4160000000001,3.0,2.0,7.0,active
CHEMBL3741589,O=C(O)C1CN(Cc2ccc(OCc3ccc(Cl)c(Cl)c3)cc2)C1,10000.0,4.0888000000000035,366.24400000000014,6.0,1.0,3.0,active
CHEMBL3745885,Cn1c(=O)c(S(=O)(=O)c2ccc(F)cc2F)cc2cnc(Nc3ccc4[nH]ccc4c3)nc21,10000.0,3.6644000000000014,467.4570000000001,4.0,2.0,7.0,active
CHEMBL3884319,CC1(C)C(=O)N([C@H]2CCc3c(O)cccc32)c2nc(Nc3ccccc3)ncc21,10000.0,4.2375000000000025,386.45500000000004,3.0,2.0,5.0,active
CHEMBL3903725,Nc1ccc(-c2ccc3ncc4c(=O)[nH]c(=O)n(-c5cccc(C(F)(F)F)c5)c4c3n2)cn1,10000.0,3.2852000000000015,450.38000000000005,2.0,2.0,7.0,active
CHEMBL2006765,CCCNC(=O)c1ccc(Nc2nc(NCC(F)(F)F)c3cc[nH]c3n2)cc1,529.0,3.815500000000001,392.38500000000005,7.0,4.0,5.0,very-active
CHEMBL4078893,FC(F)(F)CNc1nc(Nc2ccc(N3CCOCC3)c(Cl)c2)nc2ccoc12,10000.0,4.430600000000002,427.81400000000025,5.0,2.0,7.0,active
CHEMBL4066664,FC(F)(F)CNc1nc(Nc2ccc3cn[nH]c3c2)nc2ccoc12,10000.0,3.8169000000000004,348.2880000000001,4.0,3.0,6.0,active
CHEMBL4069365,CC1(C)OCC(=O)Nc2cc(Nc3nc(NCC(F)(F)F)c4occc4n3)ccc21,8520.0,4.144400000000002,421.37900000000013,4.0,3.0,7.0,active
CHEMBL4062803,Cc1n[nH]c2cc(Nc3nc(NC4CC4)c4occc4n3)ccc12,10000.0,3.7254200000000015,320.356,4.0,3.0,6.0,active
CHEMBL4068509,C=CC(=O)N1CCN(CCCn2c(=O)c(-c3c(Cl)c(OC)cc(OC)c3Cl)cc3cnc(NC)nc32)CC1,1175.0,3.544500000000002,561.47,9.0,1.0,9.0,active
CHEMBL4063500,CN(C)C(=O)c1cc2cnc(Nc3ccc(NC(=O)CCCCCCC(=O)NO)cc3)nc2n1C1CCCC1,84.0,4.7763000000000035,535.6490000000003,12.0,4.0,8.0,very-active
CHEMBL4276946,CC(=O)n1nc(C)c(-c2ccc(Cl)c(Cl)c2)c1N,100000.0,3.4076200000000014,284.146,1.0,1.0,4.0,active
CHEMBL388978,CN[C@@H]1C[C@H]2O[C@@](C)([C@@H]1OC)n1c3ccccc3c3c4c(c5c6ccccc6n2c5c31)C(=O)NC4,11.7,4.354000000000003,466.5410000000003,2.0,2.0,6.0,very-active
CHEMBL4438748,CN(C)c1ccc(C(=O)Nc2cccc(NC(=O)COc3ccc4c(=O)ccoc4c3)c2)cc1,10000.0,4.128800000000003,457.4860000000002,7.0,2.0,6.0,active
CHEMBL4569508,O=C(NCC(F)(F)F)c1cc(-c2cnn3cc(-c4ccc(OCCN5CCCCC5)cc4)cnc23)cs1,2700.0,5.2816000000000045,529.5880000000004,8.0,1.0,7.0,active
CHEMBL4550702,Cn1cc(-c2cnc3c(-c4csc(C(=O)NCC(F)(F)F)c4)cnn3c2)cn1,25000.0,3.150400000000001,406.39300000000003,4.0,1.0,7.0,active
CHEMBL4568087,Cn1cc(-c2cnc3c(-c4csc(C(=O)N[C@@H]5CCCC[C@@H]5N)c4)cnn3c2)cn1,420.0,2.8580000000000005,421.5300000000002,4.0,2.0,8.0,very-active
CHEMBL4552628,Cc1sc(C(=O)N[C@@H]2[C@H](N)CCCC2(F)F)cc1-c1cnn2cc(Cl)cnc12,11000.0,3.664520000000002,425.89200000000005,3.0,2.0,6.0,active
CHEMBL4549667,CN1C(=O)[C@@H](N2CCc3c(nn(Cc4ccccc4)c3Br)C2=O)COc2ccccc21,1000.0,3.116200000000001,481.3500000000002,3.0,0.0,5.0,active
CHEMBL4088216,CN1C(=O)[C@@H](N2CCc3cn(Cc4ccccc4)nc3C2=O)COc2ccccc21,1000.0,2.353699999999999,402.45400000000024,3.0,0.0,5.0,active
CHEMBL4097778,CN1C(=O)[C@@H](N2CCc3cn(CC4CCS(=O)(=O)CC4)nc3C2=O)COc2ccccc21,1000.0,1.1301999999999994,458.5400000000003,3.0,0.0,7.0,active
